x,y,id,location_code,location,gene,gene_ensembl_id,cell_line,nRoi,Avg_Intens,Avg_Area,Avg_Std,Avg_Mode,Avg_Feret,Avg_Median,Avg_Skewness,Avg_Kurtosis
-3.5734746,4.016695,70944_1304_D1_3,19,Centrosome,MTMR9,ENSG00000104643,A549 , 15 , 11.6104 , 5482.4667 , 9.7492 , 3.9333 , 210.2048 , 9.6667 , 2.1997 , 10.4396
-3.6890233,3.987122,71876_1406_B3_5,19,Centrosome,FGFR1OP,ENSG00000213066,U-2 OS , 14 , 1.732 , 6997 , 2.532 , 0 , 268.4436 , 0.3571 , 2.1038 , 7.2414
-2.6490653,3.3645172,74326_1778_E11_1,19,Centrosome,KIRREL2,ENSG00000126259,REH , 49 , 16.5854 , 3973.6735 , 13.7243 , 6.1837 , 145.7319 , 13.8776 , 2.4132 , 14.2958
-3.237552,3.8705013,73477_1403_E6_2,19,Centrosome,APPL1,ENSG00000157500,RH-30 , 18 , 21.7436 , 6859.8333 , 15.2567 , 14.4444 , 256.8938 , 18.7222 , 2.0559 , 8.6017
-3.0765784,3.3376586,73477_1403_E6_1,19,Centrosome,APPL1,ENSG00000157500,RH-30 , 20 , 17.6412 , 7667.35 , 10.9875 , 12.75 , 285.2083 , 15.95 , 1.6889 , 7.6845
-3.2332253,3.0163267,73477_1398_E6_2,19,Centrosome,APPL1,ENSG00000157500,U-2 OS , 12 , 32.9477 , 7232 , 20.2767 , 21.5833 , 280.6526 , 29.0833 , 1.4422 , 3.9515
-2.2742918,3.7028744,73477_1398_E6_1,19,Centrosome,APPL1,ENSG00000157500,U-2 OS , 17 , 33.2396 , 6798.0588 , 21.3843 , 21.8824 , 273.7462 , 28.9412 , 1.8073 , 6.5898
-3.7384923,4.1563783,71876_1536_D1_4,19,Centrosome,FGFR1OP,ENSG00000213066,Hep G2 , 27 , 3.9926 , 4576 , 6.0317 , 0 , 167.0983 , 1.7037 , 2.7944 , 16.3885
-3.7305996,4.1210613,71876_1536_D1_2,19,Centrosome,FGFR1OP,ENSG00000213066,Hep G2 , 32 , 3.7304 , 4115.375 , 6.533 , 0 , 158.3755 , 1.6875 , 3.4642 , 26.4194
-3.6972346,4.113757,71876_1406_B3_7,19,Centrosome,FGFR1OP,ENSG00000213066,U-2 OS , 12 , 1.6672 , 7866.1667 , 3.1507 , 0 , 306.2782 , 0.08333 , 3.1816 , 27.3603
-3.6665354,4.067209,71876_1400_B3_4,19,Centrosome,FGFR1OP,ENSG00000213066,U-251 MG , 16 , 1.3697 , 6767.3125 , 2.6832 , 0 , 255.4515 , 0 , 3.238 , 22.6444
-3.6825821,3.7626588,75418_1595_C4_1,19,Centrosome,ST7L,ENSG00000007341,AF22 , 25 , 9.9308 , 6103.76 , 8.6458 , 3.24 , 232.3962 , 8.16 , 2.2643 , 10.7677
-3.617184,4.172066,71876_1400_B3_1,19,Centrosome,FGFR1OP,ENSG00000213066,U-251 MG , 15 , 1.8507 , 7164.8667 , 3.6241 , 0 , 276.5974 , 0 , 2.9925 , 14.6978
-3.5089316,3.5320313,71138_1772_A3_4,19,Centrosome,CEP19,ENSG00000174007,U-2 OS , 12 , 6.2468 , 7735.1667 , 6.3755 , 0 , 303.9864 , 4.9167 , 2.2102 , 10.4089
-2.251447,-1.5566593,71138_1772_A3_2,19,Centrosome,CEP19,ENSG00000174007,U-2 OS , 15 , 8.1226 , 7782.4 , 7.1288 , 0.6667 , 295.8073 , 6.8 , 1.8465 , 7.9176
-3.68098,4.0055966,71138_1487_D12_8,19,Centrosome,CEP19,ENSG00000174007,SiHa , 19 , 2.7753 , 5225.3684 , 5.1167 , 0 , 203.5111 , 1.0526 , 2.9212 , 16.6185
-3.7338414,4.0853553,71138_1487_D12_1,19,Centrosome,CEP19,ENSG00000174007,SiHa , 17 , 10.2772 , 5523.0588 , 13.3021 , 0 , 218.2442 , 7.7059 , 4.6516 , 44.1657
-3.502683,-2.8758378,71138_1433_G4_2,19,Centrosome,CEP19,ENSG00000174007,PC-3 , 15 , 11.8957 , 5900.0667 , 18.8914 , 0 , 219.0593 , 7.0667 , 4.8148 , 35.4529
-3.9272869,-3.539615,71138_1433_G4_1,19,Centrosome,CEP19,ENSG00000174007,PC-3 , 10 , 13.2773 , 6017.2 , 15.8598 , 0 , 224.7819 , 9.1 , 3.2698 , 18.4658
-3.6135716,3.9834008,70944_1323_D1_3,19,Centrosome,MTMR9,ENSG00000104643,U-2 OS , 38 , 7.1671 , 6974.8947 , 9.2304 , 0 , 264.1794 , 5 , 3.9183 , 33.608
-2.365167,3.2886736,74326_1778_E11_2,19,Centrosome,KIRREL2,ENSG00000126259,REH , 47 , 12.0073 , 3810.383 , 10.4437 , 5.5532 , 140.6494 , 9.766 , 2.458 , 13.0452
-3.6540534,3.8472977,75418_1595_C4_2,19,Centrosome,ST7L,ENSG00000007341,AF22 , 31 , 9.4689 , 7291.6452 , 8.3045 , 2.4839 , 266.1247 , 7.7097 , 2.1485 , 8.9787
-2.713321,3.9082093,9668_43_H6_2,19,Centrosome,SERPINB6,ENSG00000124570,U-251 MG , 6 , 31.9549 , 6950.5 , 18.4702 , 19.1667 , 267.7156 , 29.3333 , 1.015 , 1.7205
-3.5735896,4.0534697,77850_1740_C7_18_cr57fcfaded1733,19,Centrosome,FCHO2,ENSG00000157107,U-2 OS , 23 , 16.2416 , 7120.6522 , 10.0256 , 12.3478 , 250.9496 , 14.5652 , 1.4621 , 5.3351
-2.4232957,3.8799074,9668_43_H6_1,19,Centrosome,SERPINB6,ENSG00000124570,U-251 MG , 6 , 28.5102 , 6881.3333 , 16.2387 , 19.5 , 257.2952 , 26.1667 , 0.9752 , 1.8756
-2.6220028,3.9305153,9668_42_H6_2,19,Centrosome,SERPINB6,ENSG00000124570,A-431 , 9 , 35.2013 , 9879.3333 , 21.7583 , 18.4444 , 355.2578 , 31.3333 , 1.191 , 2.6146
2.1985607,1.3976088,9668_42_H6_1,19,Centrosome,SERPINB6,ENSG00000124570,A-431 , 9 , 26.9644 , 8885.6667 , 15.8014 , 17.7778 , 303.8445 , 24.8889 , 0.9068 , 1.4918
-3.7653308,4.1902347,77996_1676_E9_6,19,Centrosome,TRIM6-TRIM34,ENSG00000258588,REH , 25 , 7.1025 , 4670.48 , 12.3498 , 0.12 , 170.4316 , 3.72 , 3.7724 , 23.9801
-3.794263,4.197296,77996_1676_E9_3,19,Centrosome,TRIM6-TRIM34,ENSG00000258588,REH , 28 , 4.703 , 4561.1786 , 8.1164 , 0 , 168.3455 , 2.4643 , 3.112 , 17.495
-3.5838122,4.0510616,77996_1674_E9_33,19,Centrosome,TRIM6-TRIM34,ENSG00000258588,U-2 OS , 10 , 7.005 , 8381.8 , 6.6966 , 0 , 312.8296 , 5.3 , 1.8857 , 6.289
-3.5878663,4.0510807,77996_1674_E9_31,19,Centrosome,TRIM6-TRIM34,ENSG00000258588,U-2 OS , 10 , 9.5746 , 8602.4 , 9.5584 , 0.8 , 342.8257 , 7.5 , 2.2577 , 10.358
-3.347793,3.7252412,77850_1740_C7_23_cr57fcfae7a3863,19,Centrosome,FCHO2,ENSG00000157107,U-2 OS , 14 , 15.246 , 8026.2857 , 11.3415 , 10.3571 , 292.2498 , 13 , 2.0785 , 10.1988
-3.4933894,4.014767,70944_1323_D1_2,19,Centrosome,MTMR9,ENSG00000104643,U-2 OS , 28 , 5.4576 , 7487.5714 , 6.5205 , 0 , 290.1323 , 3.8929 , 2.8243 , 16.4859
-3.5910552,3.967339,70944_1304_D1_2,19,Centrosome,MTMR9,ENSG00000104643,A549 , 12 , 13.7925 , 5786 , 11.4898 , 6.4167 , 220.1952 , 11.4167 , 2.3881 , 11.59
-2.4819677,3.9742725,23034_364_H8_2,19,Centrosome,PCYT2,ENSG00000185813,U-251 MG , 13 , 44.5023 , 5868.9231 , 17.2391 , 38.8462 , 234.7302 , 41.9231 , 0.9881 , 1.9456
-2.8755903,4.040703,23494_181_D8_2,19,Centrosome,KIAA0753,ENSG00000198920,A-431 , 10 , 11.3354 , 7843.5 , 13.699 , 0 , 275.9165 , 8.4 , 3.8559 , 29.0231
-3.4877596,4.1881447,23494_181_D8_1,19,Centrosome,KIAA0753,ENSG00000198920,A-431 , 14 , 13.2706 , 6639.2857 , 16.5526 , 0 , 248.2586 , 9.2857 , 3.4759 , 21.3941
-2.329534,3.8709893,23374_365_A10_2,19,Centrosome,PCM1,ENSG00000078674,U-2 OS , 16 , 19.0803 , 7211.625 , 16.8033 , 2.5625 , 271.8529 , 15.625 , 2.1622 , 11.3342
1.7846979,1.22375,23374_365_A10_1,19,Centrosome,PCM1,ENSG00000078674,U-2 OS , 12 , 21.3092 , 7679.0833 , 14.6445 , 4.5833 , 300.6001 , 19.1667 , 1.3778 , 4.6654
-3.1118646,3.5753305,23370_181_B12_2,19,Centrosome,PCM1,ENSG00000078674,A-431 , 16 , 29.3529 , 7067.6875 , 14.4132 , 27.0625 , 262.8771 , 28 , 1.3422 , 5.9681
-3.1889405,3.6573648,23370_181_B12_1,19,Centrosome,PCM1,ENSG00000078674,A-431 , 18 , 17.3783 , 7252.0556 , 10.2816 , 12.5 , 260.062 , 16.1667 , 1.2533 , 4.3873
-3.844897,-3.900761,23034_365_H8_2,19,Centrosome,PCYT2,ENSG00000185813,U-2 OS , 13 , 68.6371 , 6640.8462 , 28.9288 , 58.3846 , 246.4829 , 64.8462 , 1.0094 , 1.9644
-3.805875,-3.8243027,23034_365_H8_1,19,Centrosome,PCYT2,ENSG00000185813,U-2 OS , 14 , 56.7922 , 8057.6429 , 27.4677 , 45.9286 , 301.9545 , 52.4286 , 1.3266 , 3.6041
-2.6736238,3.9787521,23034_364_H8_1,19,Centrosome,PCYT2,ENSG00000185813,U-251 MG , 11 , 33.1178 , 7039.1818 , 16.9748 , 28.2727 , 277.449 , 30.5455 , 1.5683 , 6.3266
6.0620017,-0.24286284,23677_1126_E3_2,19,Centrosome,FBF1,ENSG00000188878,A549 , 19 , 4.6292 , 5411.9474 , 5.5563 , 0 , 204.3958 , 2.9474 , 1.828 , 5.0047
-3.6248927,4.017503,21551_237_D5_2,19,Centrosome,ENGASE,ENSG00000167280,A-431 , 10 , 15.793 , 7304.1 , 10.7632 , 11.7 , 257.5131 , 14.1 , 1.585 , 5.8219
-3.6891646,4.1114798,21551_237_D5_1,19,Centrosome,ENGASE,ENSG00000167280,A-431 , 9 , 15.9717 , 7835.1111 , 10.2923 , 9.2222 , 276.002 , 14.4444 , 1.1829 , 4.2607
1.5178766,2.1806648,20036_279_F2_2,19,Centrosome,PAFAH1B1,ENSG00000007168,A-431 , 13 , 35.4965 , 7670 , 17.6903 , 27 , 271.084 , 32.5385 , 1.4054 , 4.6267
1.7281148,2.5830352,20036_279_F2_1,19,Centrosome,PAFAH1B1,ENSG00000007168,A-431 , 13 , 30.4403 , 6048.3846 , 14.4585 , 25.0769 , 225.6762 , 28.3077 , 1.2705 , 5.2574
-3.2192185,3.5451958,20036_278_F2_2,19,Centrosome,PAFAH1B1,ENSG00000007168,U-251 MG , 13 , 19.476 , 7077.8462 , 13.2155 , 10.6923 , 276.5561 , 17.2308 , 1.3114 , 3.2764
-3.2378466,3.6150136,20036_278_F2_1,19,Centrosome,PAFAH1B1,ENSG00000007168,U-251 MG , 14 , 20.3483 , 6598.9286 , 13.0666 , 14.4286 , 257.3618 , 18.3571 , 1.3764 , 4.2505
-3.5594196,4.1591973,19887_221_F4_2,19,Centrosome,PCNT,ENSG00000160299,U-251 MG , 25 , 9.7081 , 4799.72 , 10.811 , 0.76 , 188.308 , 7.44 , 1.9224 , 7.9214
-3.3506713,4.0989394,19887_221_F4_1,19,Centrosome,PCNT,ENSG00000160299,U-251 MG , 20 , 10.0424 , 6732.05 , 11.6905 , 0 , 250.1911 , 7.4 , 2.018 , 8.466
6.039486,-0.2871021,23677_1126_E3_1,19,Centrosome,FBF1,ENSG00000188878,A549 , 21 , 4.4998 , 5003.7143 , 5.7261 , 0 , 188.6925 , 2.8095 , 2.2869 , 10.4822
6.0493016,-0.31939623,23677_237_G11_1,19,Centrosome,FBF1,ENSG00000188878,A-431 , 10 , 14.1818 , 7605.1 , 12.1077 , 0 , 267.1548 , 11.6 , 1.7657 , 6.1958
-3.2000794,3.686302,19637_175_E12_1,19,Centrosome,BRMS1,ENSG00000174744,A-431 , 12 , 30.2082 , 7886.4167 , 28.7415 , 0 , 281.5955 , 22.5833 , 2.1403 , 7.0598
-3.697592,4.130819,26495_604_A1_2,19,Centrosome,RMDN1,ENSG00000176623,U-251 MG , 12 , 13.2891 , 6934.5 , 10.6814 , 0 , 263.2013 , 11.3333 , 1.3682 , 3.7472
-3.6958704,4.1738133,27435_249_G7_2,19,Centrosome,ALPK1,ENSG00000073331,U-251 MG , 18 , 10.1998 , 5952 , 9.377 , 0 , 223.448 , 8.3333 , 1.6399 , 4.9331
-3.6779785,4.134234,27435_249_G7_1,19,Centrosome,ALPK1,ENSG00000073331,U-251 MG , 15 , 10.0836 , 4859.2667 , 9.2136 , 1.4 , 187.6786 , 8.2667 , 1.7484 , 6.0039
-3.7170126,4.1172934,26826_335_F2_2,19,Centrosome,C2orf74,ENSG00000237651,A-431 , 9 , 3.0894 , 7503.1111 , 7.0324 , 0 , 262.8235 , 0.6667 , 5.0821 , 51.403
-3.521335,3.8681643,26826_335_F2_1,19,Centrosome,C2orf74,ENSG00000237651,A-431 , 17 , 3.7886 , 6644.1765 , 6.0583 , 0 , 245.3505 , 1.8824 , 3.8226 , 26.3457
-2.4518642,-1.5560563,26826_322_F2_2,19,Centrosome,C2orf74,ENSG00000237651,U-2 OS , 12 , 26.939 , 8069 , 16.6607 , 20 , 306.1133 , 23.75 , 1.4722 , 4.0445
-3.2089882,3.78561,26826_322_F2_1,19,Centrosome,C2orf74,ENSG00000237651,U-2 OS , 16 , 26.3111 , 7940.75 , 19.7254 , 17.375 , 302.928 , 22.125 , 2.5409 , 11.7297
-3.4657142,3.1664836,26495_609_A1_5,19,Centrosome,RMDN1,ENSG00000176623,A-431 , 13 , 23.8102 , 8146.4615 , 15.8381 , 15.3846 , 289.8175 , 21.2308 , 1.7256 , 7.6631
-3.532121,3.065714,26495_609_A1_2,19,Centrosome,RMDN1,ENSG00000176623,A-431 , 10 , 13.412 , 7941.2 , 9.6096 , 2.2 , 284.6592 , 12 , 1.1498 , 2.6247
-3.5341325,4.102531,26495_604_A1_1,19,Centrosome,RMDN1,ENSG00000176623,U-251 MG , 8 , 22.1499 , 7085 , 16.0663 , 12.25 , 274.2274 , 19.125 , 1.8735 , 7.8187
6.0073466,-0.28393528,23677_237_G11_2,19,Centrosome,FBF1,ENSG00000188878,A-431 , 13 , 15.7413 , 6922.4615 , 13.1757 , 0.8462 , 246.1191 , 13 , 2.0021 , 8.803
-2.7233257,4.000471,23856_240_D1_2,19,Centrosome,ZNF112,ENSG00000062370,A-431 , 19 , 10.332 , 7067.9474 , 9.8891 , 0.4737 , 257.5049 , 8.1053 , 2.3411 , 13.8809
-2.5000823,3.9356117,23856_240_D1_1,19,Centrosome,ZNF112,ENSG00000062370,A-431 , 11 , 10.5479 , 8124.4545 , 10.4118 , 1.9091 , 291.8482 , 8.2727 , 2.3272 , 11.2172
-3.7387552,3.552373,23856_239_D1_2,19,Centrosome,ZNF112,ENSG00000062370,U-251 MG , 20 , 9.5771 , 5538.65 , 11.8197 , 0 , 218.0408 , 7.05 , 2.9276 , 18.3792
-3.840884,4.1117215,23856_239_D1_1,19,Centrosome,ZNF112,ENSG00000062370,U-251 MG , 14 , 9.5636 , 5696 , 12.117 , 0 , 216.1631 , 7 , 2.9672 , 18.4231
-3.7835777,4.224929,23710_216_B10_2,19,Centrosome,TBC1D31,ENSG00000156787,A-431 , 16 , 13.911 , 7810.9375 , 12.2879 , 2.5 , 287.2001 , 11.3125 , 2.4931 , 13.4314
-3.8081865,4.2323613,23710_216_B10_1,19,Centrosome,TBC1D31,ENSG00000156787,A-431 , 20 , 11.8524 , 6936.65 , 12.6012 , 0.85 , 251.285 , 9.05 , 2.9722 , 18.3972
-3.7901745,4.206455,23710_215_B10_2,19,Centrosome,TBC1D31,ENSG00000156787,U-251 MG , 16 , 9.065 , 7289.4375 , 11.0646 , 0 , 266.6466 , 6.5625 , 2.7184 , 17.115
-3.7571428,4.173072,23710_215_B10_1,19,Centrosome,TBC1D31,ENSG00000156787,U-251 MG , 11 , 8.523 , 6681.9091 , 9.4811 , 0 , 252.4006 , 6.4545 , 2.9394 , 21.5486
-3.232105,3.7322876,19637_175_E12_2,19,Centrosome,BRMS1,ENSG00000174744,A-431 , 9 , 22.7628 , 7024.7778 , 25.4214 , 0 , 249.357 , 15.6667 , 2.8117 , 12.4634
-3.6320632,4.120911,19637_174_E12_2,19,Centrosome,BRMS1,ENSG00000174744,U-251 MG , 14 , 24.0427 , 6548.2143 , 23.5684 , 2.2857 , 244.7374 , 17.9286 , 2.5197 , 10.6681
-3.457858,3.6599813,27435_290_G7_2,19,Centrosome,ALPK1,ENSG00000073331,A-431 , 9 , 20.1001 , 6679.2222 , 15.8707 , 9.4444 , 239.285 , 16.5556 , 2.0163 , 7.5856
-3.588616,4.141543,13961_105_B9_2,19,Centrosome,FRMD5,ENSG00000171877,U-251 MG , 12 , 12.0988 , 6758.0833 , 10.4882 , 1.3333 , 246.2366 , 10.4167 , 1.6182 , 7.1931
-3.0755506,3.7751138,15725_113_C8_2,19,Centrosome,UNC5CL,ENSG00000124602,A-431 , 5 , 19.3478 , 9348 , 17.0337 , 0 , 322.166 , 15.4 , 2.0485 , 8.8015
-3.1065445,3.778263,15725_113_C8_1,19,Centrosome,UNC5CL,ENSG00000124602,A-431 , 6 , 24.1172 , 6593.1667 , 17.3744 , 13.3333 , 244.7634 , 20.6667 , 1.8208 , 7.5207
-3.545029,4.1660643,15725_112_C8_2,19,Centrosome,UNC5CL,ENSG00000124602,U-251 MG , 20 , 16.5583 , 5955.8 , 20.2328 , 0 , 231.6432 , 11.2 , 3.0663 , 16.4637
-3.4141188,4.2299285,15725_112_C8_1,19,Centrosome,UNC5CL,ENSG00000124602,U-251 MG , 12 , 10.4914 , 6688.25 , 14.3128 , 0 , 242.2942 , 6.8333 , 3.8919 , 28.4861
-3.5086594,3.9640563,14529_166_B1_2,19,Centrosome,CPT1C,ENSG00000169169,U-251 MG , 9 , 6.2331 , 7349.5556 , 6.7683 , 0 , 271.9648 , 4.6667 , 1.73 , 5.4448
-3.4315484,4.0261583,14529_166_B1_1,19,Centrosome,CPT1C,ENSG00000169169,U-251 MG , 16 , 6.8134 , 5761.5 , 7.5316 , 0 , 222.8173 , 5 , 2.1035 , 8.982
-3.6680784,4.1114154,14529_1595_D8_2,19,Centrosome,CPT1C,ENSG00000169169,AF22 , 33 , 4.9742 , 6110.0606 , 6.1425 , 0 , 236.8351 , 3.2424 , 2.898 , 15.9108
-3.8268023,4.19952,14529_1595_D8_1,19,Centrosome,CPT1C,ENSG00000169169,AF22 , 25 , 6.044 , 6003.8 , 6.5219 , 0 , 231.2178 , 4.48 , 2.4052 , 12.7261
-3.8620217,4.2401037,13961_105_B9_1,19,Centrosome,FRMD5,ENSG00000171877,U-251 MG , 12 , 8.1512 , 6912.75 , 9.1922 , 0 , 247.8903 , 6.5 , 2.6333 , 17.8753
-2.833499,3.7148793,15725_161_C8_2,19,Centrosome,UNC5CL,ENSG00000124602,U-2 OS , 21 , 27.057 , 5918.7143 , 24.6842 , 4.1429 , 232.9693 , 20.381 , 2.103 , 7.889
-3.0963166,3.013507,11940_90_E11_2,19,Centrosome,MOGAT3,ENSG00000106384,U-2 OS , 11 , 14.3861 , 7304.6364 , 12.4572 , 0 , 277.2522 , 11.9091 , 1.8069 , 6.623
-3.177845,3.491912,11940_90_E11_1,19,Centrosome,MOGAT3,ENSG00000106384,U-2 OS , 14 , 12.89 , 6904.7143 , 11.2794 , 0 , 275.3499 , 10.8571 , 1.4616 , 3.8736
-3.068292,3.435154,11940_1399_A11_3,19,Centrosome,MOGAT3,ENSG00000106384,Hep G2 , 54 , 8.855 , 5360.2963 , 8.101 , 0.5741 , 194.1822 , 7.2037 , 1.7514 , 6.2536
-3.0991788,3.5456638,11940_1399_A11_2,19,Centrosome,MOGAT3,ENSG00000106384,Hep G2 , 63 , 7.6203 , 4774.1429 , 7.1072 , 0 , 178.8144 , 6.2222 , 1.6904 , 6.3897
-2.6680071,3.6700475,15725_161_C8_1,19,Centrosome,UNC5CL,ENSG00000124602,U-2 OS , 17 , 16.6335 , 6491.4118 , 14.1814 , 1.4118 , 246.3404 , 13.7059 , 1.8876 , 7.6843
-3.3831887,4.0157504,16820_157_A3_1,19,Centrosome,PCNT,ENSG00000160299,U-2 OS , 7 , 18.1571 , 7039 , 18.3448 , 0 , 278.8195 , 13.2857 , 2.2868 , 9.5182
-3.633608,4.1304173,19637_174_E12_1,19,Centrosome,BRMS1,ENSG00000174744,U-251 MG , 16 , 23.0408 , 5640.375 , 22.6928 , 0 , 221.2344 , 17.3125 , 2.5974 , 11.8255
-3.3309805,3.7654042,18517_117_C9_2,19,Centrosome,C21orf33,ENSG00000160221,U-2 OS , 11 , 16.9375 , 6967.3636 , 14.3887 , 0 , 268.9458 , 14.3636 , 1.7186 , 6.7831
-3.715886,4.1784286,19544_535_A3_2,19,Centrosome,AGPAT2,ENSG00000169692,U-251 MG , 16 , 3.4283 , 6279.0625 , 5.1337 , 0 , 240.2528 , 1.1875 , 2.6862 , 14.7502
-3.740836,4.168391,19544_535_A3_1,19,Centrosome,AGPAT2,ENSG00000169692,U-251 MG , 16 , 4.1163 , 6164.875 , 5.6902 , 0 , 236.5037 , 2 , 2.535 , 14.0609
-3.3259215,3.7197487,19544_235_A3_2,19,Centrosome,AGPAT2,ENSG00000169692,U-2 OS , 17 , 16.7515 , 6621.7647 , 11.8364 , 8.1765 , 256.0183 , 14.7059 , 1.7424 , 8.7624
-3.569827,4.0223327,19544_235_A3_1,19,Centrosome,AGPAT2,ENSG00000169692,U-2 OS , 21 , 12.7918 , 6220.4286 , 10.7492 , 4.8095 , 244.1713 , 11 , 1.8703 , 9.5997
-3.7821207,4.1649904,19544_234_A3_2,19,Centrosome,AGPAT2,ENSG00000169692,A-431 , 16 , 16.3596 , 6024.3125 , 13.0711 , 5.5625 , 217.9967 , 13.9375 , 2.4792 , 16.7423
-3.657978,4.051138,19544_234_A3_1,19,Centrosome,AGPAT2,ENSG00000169692,A-431 , 9 , 13.5214 , 6279.3333 , 11.0275 , 2.5556 , 223.36 , 11.6667 , 2.1051 , 13.0436
-3.031664,3.8983305,19087_177_F1_2,19,Centrosome,IFT81,ENSG00000122970,U-251 MG , 8 , 29.249 , 6781.25 , 23.1049 , 5.125 , 256.6732 , 24.75 , 1.8976 , 6.6223
-2.9919407,3.9334834,19087_177_F1_1,19,Centrosome,IFT81,ENSG00000122970,U-251 MG , 10 , 26.469 , 6017.3 , 24.2684 , 2.7 , 234.2938 , 20.5 , 2.2986 , 8.5784
-3.6010075,4.1473064,18517_117_C9_1,19,Centrosome,C21orf33,ENSG00000160221,U-2 OS , 10 , 11.7491 , 7687.6 , 10.4892 , 0 , 288.7417 , 9.7 , 1.4353 , 3.7784
-3.7024722,4.154566,16820_157_A3_2,19,Centrosome,PCNT,ENSG00000160299,U-2 OS , 4 , 18.2183 , 7901 , 20.6552 , 0 , 305.1993 , 13 , 3.1337 , 17.6195
-3.1729102,3.222278,17584_1126_A10_2,19,Centrosome,CHST15,ENSG00000182022,A549 , 10 , 24.1949 , 5538.4 , 14.4298 , 19.6 , 209.8859 , 21.8 , 1.53 , 6.2947
-3.4882317,3.9793494,17584_1126_A10_1,19,Centrosome,CHST15,ENSG00000182022,A549 , 10 , 21.1359 , 5863.1 , 15.5184 , 14.1 , 216.0565 , 18.3 , 2.4797 , 15.3501
-3.6897829,3.976202,17530_944_G4_2,19,Centrosome,NEK2,ENSG00000117650,U-2 OS , 14 , 3.5953 , 7523.6429 , 4.6481 , 0 , 296.9569 , 2 , 2.0955 , 9.1644
-1.7871857,-2.6561232,17530_944_G4_1,19,Centrosome,NEK2,ENSG00000117650,U-2 OS , 17 , 5.9393 , 6801.5294 , 6.0895 , 0 , 267.5965 , 4.4706 , 2.1272 , 8.8996
-3.5320606,4.0033836,17140_133_B12_2,19,Centrosome,LGI2,ENSG00000153012,U-251 MG , 13 , 4.7599 , 6107.3846 , 5.889 , 0 , 238.5532 , 3.2308 , 2.5034 , 16.7933
-3.6413412,4.0873785,17140_133_B12_1,19,Centrosome,LGI2,ENSG00000153012,U-251 MG , 17 , 6.0506 , 5426.7647 , 6.8061 , 0 , 217.3593 , 4.3529 , 1.8515 , 7.0674
-3.7007022,4.167252,16820_199_A3_2,19,Centrosome,PCNT,ENSG00000160299,A-431 , 9 , 8.7612 , 7911.4444 , 13.1892 , 0 , 287.1693 , 6.1111 , 3.6438 , 26.0926
-3.5109553,4.190519,16820_199_A3_1,19,Centrosome,PCNT,ENSG00000160299,A-431 , 8 , 7.7594 , 8536.125 , 10.1727 , 0 , 305.765 , 5.25 , 3.211 , 25.3856
-3.4042203,3.6637194,27435_290_G7_1,19,Centrosome,ALPK1,ENSG00000073331,A-431 , 15 , 22.1772 , 6797.3333 , 16.3097 , 8.9333 , 244.8603 , 18.9333 , 1.9968 , 9.4512
-3.5952456,4.15215,28545_1741_A4_31,19,Centrosome,DNAH14,ENSG00000185842,U-2 OS , 16 , 12.4852 , 7727.125 , 11.9207 , 0 , 295.2082 , 9.875 , 2.2921 , 10.7134
-3.5467665,4.1711583,69748_1339_F4_2,19,Centrosome,SEC14L4,ENSG00000133488,SiHa , 13 , 6.7048 , 6918.9231 , 8.4727 , 0 , 285.3771 , 4.4615 , 3.3778 , 21.4839
-3.7560008,4.2010465,31685_372_E8_2,19,Centrosome,TRIM38,ENSG00000112343,U-251 MG , 9 , 32.5149 , 7641.8889 , 21.8132 , 10.7778 , 294.8431 , 28.7778 , 1.331 , 4.0199
-3.2019608,3.968287,34871_407_F9_2,19,Centrosome,MYH15,ENSG00000144821,A-431 , 8 , 28.8921 , 9836.25 , 17.0535 , 21.75 , 347.9329 , 25.875 , 1.7018 , 6.5074
-3.7152603,3.9810247,34871_407_F9_1,19,Centrosome,MYH15,ENSG00000144821,A-431 , 13 , 26.4927 , 7700.4615 , 15.8122 , 19.5385 , 276.3762 , 23.6154 , 1.7512 , 7.5443
-2.3792508,3.8381186,32101_845_E4_9,19,Centrosome,PCNT,ENSG00000160299,U-2 OS , 17 , 14.7929 , 7100.4706 , 8.7793 , 11.8235 , 268.6136 , 13.5294 , 1.714 , 7.9619
-2.5324512,3.9025989,32101_845_E4_8,19,Centrosome,PCNT,ENSG00000160299,U-2 OS , 16 , 9.1154 , 7963.9375 , 7.2986 , 2.3125 , 298.6177 , 7.875 , 1.8247 , 10.5015
-3.4393456,4.0925384,32101_800_E4_6,19,Centrosome,PCNT,ENSG00000160299,A-431 , 14 , 8.173 , 8168.8571 , 5.7331 , 3.2143 , 296.0468 , 7.4286 , 0.9485 , 1.9333
-3.3018687,4.048219,32101_800_E4_5,19,Centrosome,PCNT,ENSG00000160299,A-431 , 11 , 9.574 , 8883.4545 , 6.6641 , 5.5455 , 323.691 , 8.6364 , 1.4816 , 8.1059
-3.4783409,4.143854,32101_793_E4_5,19,Centrosome,PCNT,ENSG00000160299,U-251 MG , 18 , 15.3373 , 5937.1111 , 13.7406 , 5 , 234.9878 , 12.6667 , 2.3987 , 11.7899
-2.4449959,3.9705205,32101_793_E4_4,19,Centrosome,PCNT,ENSG00000160299,U-251 MG , 16 , 13.2258 , 6596.5625 , 12.7099 , 2.75 , 254.3189 , 10.5625 , 2.4792 , 13.2959
-3.7254965,4.196524,31685_372_E8_1,19,Centrosome,TRIM38,ENSG00000112343,U-251 MG , 14 , 31.0213 , 7368.0714 , 22.0901 , 10.7857 , 288.46 , 27 , 1.7495 , 6.7709
-3.652469,4.159769,34963_757_B3_2,19,Centrosome,SLC1A4,ENSG00000115902,U-251 MG , 18 , 10.8645 , 5335.5 , 12.8256 , 0 , 208.3951 , 8.1667 , 3.5556 , 24.7656
-3.3275347,4.0562572,31685_371_E8_2,19,Centrosome,TRIM38,ENSG00000112343,U-2 OS , 15 , 23.1282 , 7733.8 , 14.5136 , 6.9333 , 292.6257 , 21.3333 , 0.9194 , 2.224
-3.468053,4.07044,31685_371_E8_1,19,Centrosome,TRIM38,ENSG00000112343,U-2 OS , 13 , 16.3513 , 8316.8462 , 11.9634 , 0.8462 , 318.5999 , 14.5385 , 1.2588 , 4.6133
-3.642631,4.1041684,30845_899_B2_2,19,Centrosome,CEP350,ENSG00000135837,A-431 , 11 , 6.1162 , 7847.6364 , 6.5681 , 0 , 276.9742 , 4.5455 , 1.7729 , 5.7721
-3.4209654,3.9406183,30845_899_B2_1,19,Centrosome,CEP350,ENSG00000135837,A-431 , 15 , 6.0279 , 8137.3333 , 7.2216 , 0 , 311.1366 , 4.3333 , 3.0726 , 25.1705
-3.830792,4.226735,30845_789_B2_5,19,Centrosome,CEP350,ENSG00000135837,U-251 MG , 19 , 5.6505 , 5983.2105 , 7.6382 , 0 , 229.9657 , 3.8947 , 3.0069 , 19.3658
-3.551376,4.2809744,30845_789_B2_3,19,Centrosome,CEP350,ENSG00000135837,U-251 MG , 21 , 5.2699 , 6580 , 6.9384 , 0 , 251.4376 , 3.619 , 3.0011 , 18.8753
-3.6162806,4.1486015,30845_776_B2_5,19,Centrosome,CEP350,ENSG00000135837,U-2 OS , 17 , 6.7492 , 7312.4118 , 8.9388 , 0 , 284.0329 , 4.5294 , 3.3005 , 24.3624
-3.5360074,3.9735563,30845_776_B2_1,19,Centrosome,CEP350,ENSG00000135837,U-2 OS , 18 , 4.0305 , 7090.1667 , 5.2449 , 0 , 273.8903 , 2.3333 , 2.2262 , 9.7919
-3.7306764,4.179701,34963_757_B3_1,19,Centrosome,SLC1A4,ENSG00000115902,U-251 MG , 21 , 8.6864 , 5608.2381 , 12.944 , 0 , 220.5363 , 5.3333 , 4.1284 , 30.1011
-3.4425776,3.9951959,34963_761_B3_1,19,Centrosome,SLC1A4,ENSG00000115902,U-2 OS , 15 , 13.4118 , 7084.5333 , 13.4275 , 0.5333 , 280.2528 , 10.6 , 3.0988 , 20.1833
-1.4600402,-2.7332275,30747_1182_E6_1,19,Centrosome,INTS6L,ENSG00000165359,HEK 293 , 20 , 15.2732 , 6787.25 , 8.6848 , 11.85 , 235.976 , 14.35 , 0.9682 , 2.6599
-3.358988,3.862128,35598_393_E11_3,19,Centrosome,MAP7D3,ENSG00000129680,A-431 , 16 , 15.371 , 7165.4375 , 8.7713 , 11.625 , 254.8003 , 14.25 , 1.1639 , 3.5898
-3.6444006,4.212602,35820_521_A5_2,19,Centrosome,CDK5RAP2,ENSG00000136861,U-251 MG , 14 , 11.3258 , 6302.2143 , 13.7744 , 0 , 243.8341 , 8.0714 , 2.4698 , 10.4191
-3.560716,4.1664815,35820_521_A5_1,19,Centrosome,CDK5RAP2,ENSG00000136861,U-251 MG , 9 , 7.9585 , 6722.6667 , 10.623 , 0 , 264.3142 , 5.4444 , 3.2386 , 20.167
-3.6457946,4.1951575,35820_442_A5_2,19,Centrosome,CDK5RAP2,ENSG00000136861,U-2 OS , 13 , 15.1345 , 8315.5385 , 12.4603 , 1.3077 , 321.4548 , 12.6154 , 1.6308 , 5.458
-2.935753,3.821112,35820_442_A5_1,19,Centrosome,CDK5RAP2,ENSG00000136861,U-2 OS , 11 , 14.4394 , 8111.3636 , 14.1063 , 0.9091 , 292.5873 , 11.6364 , 3.6896 , 31.249
-3.5527961,3.149263,35767_393_C8_2,19,Centrosome,THAP6,ENSG00000174796,A-431 , 19 , 9.9837 , 6793.7368 , 8.723 , 0 , 249.1961 , 8.3158 , 1.8505 , 8.647
-3.6696992,3.4437196,35767_393_C8_1,19,Centrosome,THAP6,ENSG00000174796,A-431 , 14 , 8.6683 , 7048.2143 , 7.8675 , 0 , 252.6313 , 7.3571 , 1.8277 , 10.2605
-3.2614686,3.8159006,35640_1773_E2_5,19,Centrosome,CRMP1,ENSG00000072832,U-2 OS , 7 , 18.2472 , 8009.2857 , 10.7034 , 15 , 297.9137 , 16.7143 , 0.8884 , 1.4247
-3.3016496,3.8682325,35640_1773_E2_1,19,Centrosome,CRMP1,ENSG00000072832,U-2 OS , 14 , 25.8413 , 7010 , 14.6956 , 18.5714 , 267.8011 , 23.2857 , 1.2969 , 4.6481
-3.3321939,3.9374497,35598_393_E11_1,19,Centrosome,MAP7D3,ENSG00000129680,A-431 , 15 , 18.4551 , 7794.2667 , 11.399 , 14.0667 , 278.9053 , 16.4667 , 1.7122 , 6.8513
-3.3388937,3.902751,34963_761_B3_3,19,Centrosome,SLC1A4,ENSG00000115902,U-2 OS , 20 , 11.3699 , 6664.4 , 10.5243 , 1 , 256.5748 , 9.2 , 2.6543 , 16.7971
-3.5850608,4.046771,35278_595_H11_2,19,Centrosome,CCDC14,ENSG00000175455,U-251 MG , 7 , 4.0805 , 7661.5714 , 5.0284 , 0 , 297.9971 , 2.5714 , 2.5304 , 12.9538
-3.1805234,3.7941997,35278_595_H11_1,19,Centrosome,CCDC14,ENSG00000175455,U-251 MG , 5 , 7.2438 , 7517.6 , 7.7277 , 0 , 289.8053 , 5.2 , 1.8659 , 5.9169
-3.6832342,4.1709995,35278_592_H11_2,19,Centrosome,CCDC14,ENSG00000175455,A-431 , 11 , 4.225 , 7281.5455 , 5.6997 , 0 , 259.7353 , 2.3636 , 2.7479 , 15.1682
-3.6338725,4.064122,35278_592_H11_1,19,Centrosome,CCDC14,ENSG00000175455,A-431 , 13 , 3.937 , 8190.7692 , 5.2111 , 0 , 293.5862 , 2.2308 , 2.626 , 13.3955
-2.9712443,3.8677657,35217_366_F9_2,19,Centrosome,PEAR1,ENSG00000187800,U-2 OS , 17 , 23.8605 , 7296.0588 , 18.6953 , 0 , 281.8676 , 20.4118 , 1.5768 , 4.6763
-2.9562876,4.097974,35217_366_F9_1,19,Centrosome,PEAR1,ENSG00000187800,U-2 OS , 18 , 19.4748 , 7158.9444 , 16.1397 , 0 , 278.4634 , 16.2778 , 1.7317 , 5.95
-3.4677217,3.9901357,34963_769_B3_2,19,Centrosome,SLC1A4,ENSG00000115902,A-431 , 21 , 13.3698 , 7475.5714 , 14.6295 , 1 , 271.0304 , 10 , 3.4793 , 24.2073
-3.5257065,4.076489,34963_769_B3_1,19,Centrosome,SLC1A4,ENSG00000115902,A-431 , 22 , 12.5058 , 7710.6818 , 15.5033 , 0 , 278.7303 , 9 , 4.1014 , 28.8917
-1.968793,-2.4439878,30747_1182_E6_2,19,Centrosome,INTS6L,ENSG00000165359,HEK 293 , 11 , 9.9407 , 9346.6364 , 7.0327 , 2.8182 , 274.0253 , 9 , 0.9687 , 1.4021
-3.6795082,-4.01556,30747_1001_C12_3,19,Centrosome,INTS6L,ENSG00000165359,U-2 OS , 22 , 13.6341 , 7066.3182 , 10.2259 , 3.2273 , 278.8774 , 11.7273 , 1.3808 , 3.6518
-3.4813776,4.1165814,28545_1741_A4_32,19,Centrosome,DNAH14,ENSG00000185842,U-2 OS , 19 , 12.1795 , 8392.5263 , 12.0493 , 0 , 316.8382 , 9.2632 , 2.3304 , 10.3553
-3.63945,3.6941357,29245_270_D7_2,19,Centrosome,USF3,ENSG00000176542,U-251 MG , 16 , 12.1091 , 6349.5 , 7.2013 , 9.9375 , 249.7925 , 11.25 , 1.6779 , 8.8525
-3.8173912,3.9505835,29735_1143_F6_4,19,Centrosome,E2F1,ENSG00000101412,RH-30 , 14 , 5.2074 , 7884.8571 , 7.5503 , 0 , 294.8152 , 3.2857 , 2.9582 , 15.958
-3.7818232,3.8986514,29735_1143_F6_2,19,Centrosome,E2F1,ENSG00000101412,RH-30 , 23 , 3.6763 , 6443.8261 , 4.6757 , 0 , 251.6908 , 2.2609 , 2.3186 , 10.7735
-2.5291839,3.8629344,29585_281_B11_2,19,Centrosome,QRSL1,ENSG00000130348,U-251 MG , 16 , 39.665 , 6079.5625 , 17.9583 , 33.9375 , 228.5959 , 37.125 , 1.0766 , 2.8217
-3.1897385,3.5619798,29585_281_B11_1,19,Centrosome,QRSL1,ENSG00000130348,U-251 MG , 17 , 32.3528 , 6862 , 15.9076 , 26.5294 , 269.5907 , 29.9412 , 1.3346 , 4.5429
-2.43215,3.6745765,29457_1512_G12_3,19,Centrosome,GTSE1,ENSG00000075218,HEK 293 , 17 , 16.8005 , 7509.5294 , 10.8399 , 10 , 256.4314 , 15.0588 , 1.7014 , 7.1122
-3.475719,4.0517945,29457_1512_G12_1,19,Centrosome,GTSE1,ENSG00000075218,HEK 293 , 24 , 8.6519 , 7776.2083 , 6.1078 , 4.7083 , 263.696 , 7.6667 , 1.5691 , 7.5047
-3.5004115,3.2238705,29245_272_D7_2,19,Centrosome,USF3,ENSG00000176542,U-2 OS , 20 , 22.0895 , 6583.5 , 14.6318 , 13.25 , 253.9593 , 19.55 , 1.6638 , 7.1187
-1.2154344,-0.0010490343,29245_272_D7_1,19,Centrosome,USF3,ENSG00000176542,U-2 OS , 20 , 20.1737 , 7073.9 , 12.677 , 14.35 , 270.9974 , 18.3 , 1.583 , 7.067
-3.6595604,3.5468366,29245_270_D7_1,19,Centrosome,USF3,ENSG00000176542,U-251 MG , 14 , 15.2604 , 6417.7857 , 9.8139 , 13.1429 , 239.1556 , 14.0714 , 2.3471 , 18.7948
-2.5684156,3.5105882,2977_1769_C1_8_cr595210ab0a7f3,19,Centrosome,MTMR1,ENSG00000063601,U-251 MG , 14 , 19.1201 , 6440.6429 , 16.2578 , 9 , 243.983 , 14.9286 , 2.4555 , 11.066
2.799955,4.3224254,28730_274_H5_2,19,Centrosome,AUNIP,ENSG00000127423,A-431 , 32 , 14.4905 , 5991.9062 , 14.3942 , 0 , 216.693 , 11.0625 , 2.2096 , 8.9428
2.8175273,4.312406,28730_274_H5_1,19,Centrosome,AUNIP,ENSG00000127423,A-431 , 15 , 15.7767 , 6414.5333 , 14.6529 , 0 , 225.6861 , 12.6 , 2.2134 , 10.0022
-3.4959068,4.1072803,28730_273_H5_2,19,Centrosome,AUNIP,ENSG00000127423,U-251 MG , 13 , 14.8658 , 6463.9231 , 12.5507 , 2.2308 , 252.3906 , 12.3077 , 2.2747 , 13.4249
-3.4418364,4.068102,28730_273_H5_1,19,Centrosome,AUNIP,ENSG00000127423,U-251 MG , 20 , 12.5818 , 5347.05 , 10.6172 , 0.8 , 211.9546 , 10.4 , 1.7017 , 6.9669
-3.2027335,4.146939,28545_1768_C11_8_cr59638baa7a8a0,19,Centrosome,DNAH14,ENSG00000185842,RH-30 , 20 , 6.0878 , 7908 , 7.1472 , 0 , 271.7069 , 4.25 , 2.7187 , 14.0219
2.4996316,-1.4222039,28545_1768_C11_28_cr59638baa7b0aa,19,Centrosome,DNAH14,ENSG00000185842,RH-30 , 28 , 5.6245 , 5916.6786 , 6.5249 , 0 , 216.8826 , 3.9643 , 3.0093 , 17.6631
2.49959,-0.99677277,28545_1757_B10_6,19,Centrosome,DNAH14,ENSG00000185842,SK-MEL-30 , 23 , 8.8139 , 5433.087 , 7.5946 , 2.6957 , 203.3013 , 7.3043 , 1.9968 , 9.6792
2.495178,-0.75062597,28545_1757_B10_4,19,Centrosome,DNAH14,ENSG00000185842,SK-MEL-30 , 23 , 9.0309 , 6074.6957 , 7.8932 , 2.087 , 225.9601 , 7.3478 , 2.0179 , 9.9256
-3.2071784,4.0495543,2977_1769_C1_23_cr595210ab0a7e4,19,Centrosome,MTMR1,ENSG00000063601,U-251 MG , 10 , 20.1867 , 7480.4 , 18.0131 , 4.2 , 291.6336 , 15.8 , 2.1987 , 8.2539
-3.7452977,4.138778,29823_322_H5_1,19,Centrosome,TTI2,ENSG00000129696,U-2 OS , 17 , 9.6149 , 6625.2941 , 8.1514 , 2.2353 , 262.3367 , 8.2353 , 1.6465 , 7.4089
-3.3984325,3.584595,30747_1001_C12_2,19,Centrosome,INTS6L,ENSG00000165359,U-2 OS , 18 , 18.5688 , 7114.7778 , 13.7799 , 8.4444 , 276.1088 , 16 , 2.0338 , 9.9693
-3.2039726,3.7076576,30351_297_G10_2,19,Centrosome,MTMR11,ENSG00000014914,U-2 OS , 20 , 12.4683 , 6511.7 , 11.3707 , 0.7 , 254.1629 , 9.95 , 2.3668 , 12.9125
-2.0827725,3.7788415,30657_372_D6_2,19,Centrosome,TMEM63C,ENSG00000165548,U-251 MG , 13 , 48.2101 , 5486.5385 , 26.117 , 36.5385 , 209.8899 , 43.3077 , 1.2428 , 2.8598
-2.7713661,3.979683,30657_372_D6_1,19,Centrosome,TMEM63C,ENSG00000165548,U-251 MG , 14 , 45.4445 , 6828.7857 , 25.8262 , 30.6429 , 269.3878 , 40.7143 , 1.3968 , 3.8212
-2.823161,3.9010623,30657_371_D6_4,19,Centrosome,TMEM63C,ENSG00000165548,U-2 OS , 15 , 24.6627 , 6955.0667 , 17.5618 , 13.6667 , 275.2762 , 21.1333 , 1.5648 , 4.8567
2.417137,1.212472,30657_371_D6_3,19,Centrosome,TMEM63C,ENSG00000165548,U-2 OS , 9 , 20.7978 , 8297.6667 , 14.8301 , 10.1111 , 310.6496 , 17.6667 , 1.6073 , 5.8174
-3.166722,3.3087034,30380_272_F11_2,19,Centrosome,MAP4K3,ENSG00000011566,U-2 OS , 16 , 10.4694 , 8051.9375 , 8.473 , 0.75 , 298.4181 , 8.875 , 1.514 , 4.9762
-3.297603,3.7263613,30380_272_F11_1,19,Centrosome,MAP4K3,ENSG00000011566,U-2 OS , 21 , 12.4417 , 6829.5238 , 10.5301 , 1.2381 , 263.1679 , 10.5714 , 2.2199 , 13.0116
-3.2084432,4.1340055,30380_270_F11_2,19,Centrosome,MAP4K3,ENSG00000011566,U-251 MG , 12 , 7.0215 , 6553.5 , 7.7357 , 0 , 244.0362 , 5.6667 , 1.9162 , 10.0289
-3.5064328,4.1300406,30380_270_F11_1,19,Centrosome,MAP4K3,ENSG00000011566,U-251 MG , 12 , 6.7365 , 7002.8333 , 5.8963 , 0 , 267.408 , 5.75 , 1.4365 , 5.157
-3.3620572,3.9111767,30351_297_G10_1,19,Centrosome,MTMR11,ENSG00000014914,U-2 OS , 15 , 13.2539 , 7110.3333 , 12.4215 , 1.3333 , 298.9426 , 10.6 , 2.2479 , 10.4013
-3.7773244,3.9421766,29823_322_H5_3,19,Centrosome,TTI2,ENSG00000129696,U-2 OS , 15 , 5.2469 , 7395.2 , 5.2667 , 0 , 294.7155 , 4 , 1.2879 , 2.699
-3.532052,3.1310043,30351_296_G10_2,19,Centrosome,MTMR11,ENSG00000014914,A-431 , 12 , 10.4326 , 7487.4167 , 10.5312 , 1.25 , 271.7214 , 8 , 2.8563 , 18.1508
-2.6008751,-1.5513514,30351_296_G10_1,19,Centrosome,MTMR11,ENSG00000014914,A-431 , 11 , 10.7081 , 7972.8182 , 9.9202 , 0 , 287.929 , 8.7273 , 1.8279 , 7.2158
-3.438177,3.833878,30351_295_G10_2,19,Centrosome,MTMR11,ENSG00000014914,U-251 MG , 18 , 12.6993 , 6981 , 9.9261 , 2.1111 , 266.4245 , 10.8889 , 1.4888 , 5.0719
-3.6324174,4.0750613,30351_295_G10_1,19,Centrosome,MTMR11,ENSG00000014914,U-251 MG , 15 , 11.659 , 5981.8667 , 9.4141 , 1.4 , 238.4277 , 9.8667 , 1.5121 , 4.4977
-3.1791563,4.127319,30145_323_D5_4,19,Centrosome,NUDT17,ENSG00000186364,U-251 MG , 16 , 14.8224 , 6089 , 17.5637 , 0 , 241.4796 , 10.25 , 3.177 , 17.5788
-3.25587,4.182555,30145_323_D5_3,19,Centrosome,NUDT17,ENSG00000186364,U-251 MG , 11 , 14.0997 , 8358.1818 , 16.4228 , 0 , 278.9968 , 10.0909 , 3.7475 , 24.0704
-3.79372,4.1829967,29823_327_H5_2,19,Centrosome,TTI2,ENSG00000129696,U-251 MG , 16 , 5.7653 , 6164.625 , 7.1072 , 0 , 237.5144 , 4.4375 , 2.4794 , 16.1
-3.8372388,4.198393,29823_327_H5_1,19,Centrosome,TTI2,ENSG00000129696,U-251 MG , 17 , 3.6964 , 5597.4118 , 5.7397 , 0.2941 , 212.1072 , 2.2353 , 2.9941 , 19.2247
-0.960355,-4.6924505,35854_563_A5_2,19,Centrosome,TRIM2,ENSG00000109654,A-431 , 9 , 14.8459 , 7451.5556 , 12.3216 , 0 , 269.9343 , 12.3333 , 1.6337 , 4.619
-3.5739338,4.0312037,35854_563_A5_3,19,Centrosome,TRIM2,ENSG00000109654,A-431 , 10 , 7.1008 , 7548.3 , 7.8952 , 0 , 274.1792 , 5.1 , 2.6726 , 16.3424
-3.68384,4.095472,35854_569_A5_1,19,Centrosome,TRIM2,ENSG00000109654,U-251 MG , 13 , 5.3269 , 6300.8462 , 7.1187 , 0 , 249.901 , 3.5385 , 3.645 , 30.1103
-3.4426043,3.7512624,58894_1169_B2_1,19,Centrosome,RAB22A,ENSG00000124209,SiHa , 14 , 7.6215 , 6622.7857 , 8.4655 , 0 , 261.1431 , 6.1429 , 2.6908 , 22.6787
-3.0858257,4.142086,59242_1043_C6_2,19,Centrosome,N6AMT1,ENSG00000156239,HEK 293 , 26 , 5.4105 , 7751.0385 , 5.6773 , 0.4615 , 309.6789 , 4.0385 , 2.0834 , 10.2913
-3.8235674,4.2074795,59120_1169_F9_2,19,Centrosome,NLRC5,ENSG00000140853,SiHa , 32 , 9.616 , 5893 , 9.1028 , 0 , 232.2783 , 7.9375 , 2.0144 , 11.0267
-3.7806542,4.1630898,59120_1169_F9_1,19,Centrosome,NLRC5,ENSG00000140853,SiHa , 31 , 10.5897 , 5423.4194 , 10.1182 , 0.5484 , 214.7705 , 8.7742 , 2.31 , 13.1278
-2.2055898,3.5526745,59120_1049_G2_2,19,Centrosome,NLRC5,ENSG00000140853,U-2 OS , 26 , 39.585 , 6224.0385 , 20.2279 , 32.5385 , 243.4482 , 36.6538 , 1.1641 , 3.2729
-2.156476,3.672524,59120_1049_G2_1,19,Centrosome,NLRC5,ENSG00000140853,U-2 OS , 18 , 45.091 , 7166.8333 , 22.9804 , 36.4444 , 273.8259 , 41.7778 , 1.0581 , 2.4194
-3.1962557,3.6822371,59120_1045_G2_2,19,Centrosome,NLRC5,ENSG00000140853,HeLa , 15 , 5.8683 , 7237.3333 , 6.4476 , 0 , 297.6019 , 4.4 , 2.3287 , 12.5732
-3.1634505,3.7110503,59120_1045_G2_1,19,Centrosome,NLRC5,ENSG00000140853,HeLa , 15 , 4.8161 , 7917.2 , 5.3565 , 0 , 300.5654 , 3.6667 , 2.5189 , 15.116
-3.2242692,3.7092857,58894_1169_B2_3,19,Centrosome,RAB22A,ENSG00000124209,SiHa , 17 , 5.9641 , 6365.8824 , 7.3887 , 0 , 238.649 , 4.5882 , 2.7329 , 18.7196
-3.6574671,4.0791254,58894_1076_A9_3,19,Centrosome,RAB22A,ENSG00000124209,U-2 OS , 14 , 18.7547 , 7056.2143 , 14.3912 , 10 , 290.7898 , 16.4286 , 2.6124 , 17.7487
-3.4548495,3.9483163,59307_1017_G5_1,19,Centrosome,KLHL21,ENSG00000162413,U-251 MG , 14 , 6.4456 , 6493.3571 , 6.6775 , 0 , 250.1895 , 4.7857 , 1.7218 , 4.9534
-3.5180414,3.9502783,58894_1076_A9_1,19,Centrosome,RAB22A,ENSG00000124209,U-2 OS , 15 , 15.8831 , 7548.7333 , 10.8275 , 10.0667 , 297.6281 , 14.0667 , 1.4279 , 4.5884
-3.578892,4.004052,58894_1070_A9_4,19,Centrosome,RAB22A,ENSG00000124209,MCF7 , 18 , 2.8037 , 6547.7778 , 4.5946 , 0 , 231.5308 , 1.6667 , 3.4457 , 26.4401
-3.7149706,4.0520763,58894_1070_A9_1,19,Centrosome,RAB22A,ENSG00000124209,MCF7 , 22 , 5.4922 , 6074.6364 , 6.9845 , 0 , 226.8811 , 3.8636 , 3.3003 , 31.425
-3.6806955,3.9580688,58624_1325_B4_3,19,Centrosome,KIF6,ENSG00000164627,U-2 OS , 8 , 9.1015 , 8744.375 , 8.5395 , 0 , 329.2757 , 7.5 , 2.4487 , 14.103
-3.3903463,3.4909098,58624_1325_B4_2,19,Centrosome,KIF6,ENSG00000164627,U-2 OS , 11 , 11.6857 , 7778.8182 , 10.8911 , 1.6364 , 291.6888 , 9.4545 , 2.8695 , 18.5558
-3.2308204,3.63924,58624_1324_B4_3,19,Centrosome,KIF6,ENSG00000164627,HaCaT , 5 , 27.9088 , 6908.6 , 21.4832 , 17 , 242.5572 , 23.4 , 1.9312 , 6.7164
-3.3993752,3.5415921,58624_1324_B4_1,19,Centrosome,KIF6,ENSG00000164627,HaCaT , 6 , 19.5572 , 6360.8333 , 13.1982 , 10.5 , 226.2541 , 17.3333 , 1.416 , 4.1974
-3.6996667,4.131713,58525_1178_D9_4,19,Centrosome,ADPGK,ENSG00000159322,SiHa , 16 , 10.3349 , 7481.0625 , 10.736 , 0 , 305.4542 , 8.0625 , 2.4362 , 14.356
-1.4002538,5.2326765,59242_1043_C6_3,19,Centrosome,N6AMT1,ENSG00000156239,HEK 293 , 39 , 4.8049 , 7180.3077 , 5.1313 , 0.1538 , 262.7624 , 3.5897 , 2.4378 , 13.9678
-3.6177354,4.040735,59307_1017_G5_2,19,Centrosome,KLHL21,ENSG00000162413,U-251 MG , 12 , 6.8663 , 6089 , 8.4582 , 0 , 238.9242 , 4.8333 , 3.1773 , 21.6159
-3.6438181,-3.6972463,58459_1595_D11_2,19,Centrosome,GABBR1,ENSG00000204681,AF22 , 22 , 10.8921 , 6352.9545 , 8.4777 , 5.3182 , 236.8662 , 9.2273 , 1.7834 , 6.2275
-3.6918075,4.062053,60405_1060_F11_3,19,Centrosome,NLRC5,ENSG00000140853,HeLa , 9 , 4.2684 , 8470.1111 , 6.3693 , 0 , 354.7539 , 2.6667 , 3.6989 , 33.5093
-3.697033,4.0385303,61504_1769_A5_32,19,Centrosome,CEP164,ENSG00000110274,U-251 MG , 17 , 5.455 , 6027.5882 , 5.3882 , 0 , 222.2305 , 4.2353 , 1.9221 , 8.0106
-3.7146628,4.101301,61504_1769_A5_31,19,Centrosome,CEP164,ENSG00000110274,U-251 MG , 21 , 5.4599 , 6616.8571 , 5.9068 , 0.3333 , 247.6032 , 4.2857 , 2.7768 , 22.6637
-3.4485595,3.7893312,60791_1104_E6_4,19,Centrosome,BORCS6,ENSG00000196544,U-2 OS , 23 , 7.4601 , 5876.1739 , 7.6023 , 0.2609 , 230.3117 , 5.8261 , 2.3385 , 11.1635
-3.4279335,3.6930387,60791_1104_E6_3,19,Centrosome,BORCS6,ENSG00000196544,U-2 OS , 16 , 9.5791 , 7174.6875 , 10.0421 , 0.5625 , 277.4115 , 7.0625 , 2.308 , 9.0168
-3.3886783,3.9033546,60596_1082_F3_2,19,Centrosome,CCNF,ENSG00000162063,MCF7 , 26 , 9.4765 , 5913 , 11.1472 , 0 , 226.4547 , 6.7692 , 3.3261 , 24.1149
-3.3319266,3.9431174,60596_1082_F3_1,19,Centrosome,CCNF,ENSG00000162063,MCF7 , 35 , 10.5756 , 5996.1143 , 12.1668 , 0 , 221.5719 , 7.6857 , 3.2231 , 22.3269
-3.1320422,3.9693158,60405_1105_F11_2,19,Centrosome,NLRC5,ENSG00000140853,U-2 OS , 9 , 12.5175 , 7349.2222 , 9.4423 , 6.5556 , 299.5585 , 10.4444 , 1.6312 , 5.0278
-3.5187182,4.112416,60405_1105_F11_1,19,Centrosome,NLRC5,ENSG00000140853,U-2 OS , 11 , 10.8813 , 7446.2727 , 10.2779 , 1.7273 , 292.362 , 8.7273 , 2.1006 , 9.3661
-3.4361908,4.1373696,60405_1060_F11_1,19,Centrosome,NLRC5,ENSG00000140853,HeLa , 5 , 4.7105 , 8205.2 , 6.4952 , 0 , 331.421 , 2.6 , 3.0633 , 23.922
-3.688725,4.001963,59307_1772_A5_5,19,Centrosome,KLHL21,ENSG00000162413,U-2 OS , 8 , 6.5757 , 7443.25 , 6.7405 , 0 , 280.819 , 5.25 , 1.8743 , 7.9284
-3.6799831,4.0697317,59935_1184_D10_3,19,Centrosome,POFUT1,ENSG00000101346,SiHa , 17 , 3.8894 , 6851.7059 , 5.6191 , 0 , 288.9581 , 2.3529 , 3.7337 , 34.2046
-3.81351,4.1917477,59935_1184_D10_2,19,Centrosome,POFUT1,ENSG00000101346,SiHa , 22 , 3.3236 , 6130.5455 , 4.4992 , 0 , 246.0536 , 1.9545 , 2.6478 , 18.5235
-3.81745,4.160455,59383_1748_B11_23_cr5805df8b537d5,19,Centrosome,ZNF620,ENSG00000177842,RT4 , 58 , 5.0045 , 4156.569 , 4.7347 , 0.5345 , 164.2032 , 3.9828 , 1.9605 , 8.56
-3.6128557,4.061511,59383_1039_F4_3,19,Centrosome,ZNF620,ENSG00000177842,HEK 293 , 16 , 8.503 , 7199.875 , 9.1124 , 0 , 264.0088 , 6.5 , 2.8162 , 23.6272
-3.679525,4.0172033,59383_1039_F4_1,19,Centrosome,ZNF620,ENSG00000177842,HEK 293 , 25 , 8.5111 , 8091.28 , 8.872 , 0 , 297.0621 , 6.56 , 2.4907 , 12.5735
-3.5212154,3.8401392,59383_1037_F4_3,19,Centrosome,ZNF620,ENSG00000177842,U-2 OS , 13 , 3.3178 , 7781.3077 , 4.6712 , 0 , 296.232 , 1.6154 , 2.7405 , 15.8874
-3.4790277,3.6829023,59383_1037_F4_2,19,Centrosome,ZNF620,ENSG00000177842,U-2 OS , 16 , 3.7247 , 7182.75 , 4.7333 , 0 , 272.5908 , 2.0625 , 2.1275 , 6.9522
-3.4873571,3.9319942,59307_1772_A5_8,19,Centrosome,KLHL21,ENSG00000162413,U-2 OS , 9 , 6.2681 , 6915.2222 , 6.8525 , 0 , 263.0911 , 4.8889 , 2.4218 , 14.996
-3.6964538,4.0854363,58525_1178_D9_2,19,Centrosome,ADPGK,ENSG00000159322,SiHa , 22 , 9.4244 , 6460.2273 , 9.8866 , 0 , 261.9536 , 7.3636 , 2.5007 , 15.9358
-3.533169,-3.5503302,58459_1595_D11_1,19,Centrosome,GABBR1,ENSG00000204681,AF22 , 15 , 18.2505 , 6602.9333 , 11.9629 , 13.4 , 256.4694 , 16.2667 , 1.6408 , 6.7719
-3.532803,3.9871562,52217_775_D10_3,19,Centrosome,VPS25,ENSG00000131475,A-431 , 18 , 3.5145 , 7488.8333 , 4.3551 , 0 , 272.4466 , 2.2778 , 2.1623 , 9.3992
5.861843,-0.21747388,53772_833_G11_1,19,Centrosome,UBL3,ENSG00000122042,U-2 OS , 12 , 11.7204 , 7089.25 , 10.5112 , 2.75 , 265.7308 , 9.5833 , 2.3579 , 14.5977
-3.2648017,4.0905623,54617_881_H4_3,19,Centrosome,ADGRB2,ENSG00000121753,HeLa , 14 , 4.7001 , 6002 , 7.3672 , 0 , 222.7754 , 2.7857 , 2.6849 , 12.4362
-3.099946,4.0323896,54617_879_A5_8,19,Centrosome,ADGRB2,ENSG00000121753,U-251 MG , 13 , 10.0314 , 4825.5385 , 9.6092 , 0.3077 , 193.6256 , 7.7692 , 2.0144 , 7.6608
-3.0844321,4.0921574,54617_879_A5_7,19,Centrosome,ADGRB2,ENSG00000121753,U-251 MG , 13 , 10.2523 , 5496.6154 , 10.8005 , 0 , 214.4744 , 7.6154 , 2.5121 , 12.5666
-2.6856172,3.8401358,54617_874_H4_3,19,Centrosome,ADGRB2,ENSG00000121753,U-2 OS , 8 , 7.6322 , 6967.5 , 7.4317 , 0 , 260.4828 , 6.125 , 2.2512 , 10.4018
-2.6390798,3.8088913,54617_874_H4_2,19,Centrosome,ADGRB2,ENSG00000121753,U-2 OS , 7 , 12.9273 , 6818.8571 , 11.0104 , 0 , 259.1824 , 10.5714 , 1.6915 , 5.0172
-3.4097548,3.9118335,53772_838_E5_6,19,Centrosome,UBL3,ENSG00000122042,A-431 , 21 , 13.107 , 6070.5714 , 11.367 , 1.7619 , 217.9856 , 10.9524 , 2.3873 , 14.0568
-3.413317,3.8891623,53772_838_E5_4,19,Centrosome,UBL3,ENSG00000122042,A-431 , 18 , 7.7612 , 5921.1111 , 7.9705 , 0 , 220.9416 , 6.1111 , 2.1377 , 13.1403
2.8499603,0.40934867,53772_833_G11_2,19,Centrosome,UBL3,ENSG00000122042,U-2 OS , 21 , 9.1505 , 6746.2857 , 8.8975 , 0.7143 , 257.9681 , 7.1905 , 2.6319 , 18.4367
-3.719425,4.015035,53557_826_H11_7,19,Centrosome,CLHC1,ENSG00000162994,A-431 , 20 , 3.3189 , 6083.05 , 4.991 , 0 , 224.7489 , 1.9 , 3.4485 , 25.8577
-2.504418,3.7086957,55134_1038_E9_1,19,Centrosome,TMEM170B,ENSG00000205269,U-2 OS , 18 , 29.8594 , 7209.6667 , 22.4199 , 13.1111 , 282.9462 , 24.8889 , 1.9112 , 6.78
-3.6376927,3.9900231,53557_826_H11_1,19,Centrosome,CLHC1,ENSG00000162994,A-431 , 21 , 6.4875 , 6397.2381 , 8.1816 , 0 , 232.3747 , 4.3333 , 3.3253 , 24.8261
-3.7780383,4.190192,52623_767_B6_5,19,Centrosome,MZT2B,ENSG00000152082,MCF7 , 31 , 8.2095 , 5826.4839 , 7.4205 , 0.7097 , 219.4624 , 6.6774 , 1.9671 , 9.0881
-3.7389617,3.9674945,52623_767_B6_3,19,Centrosome,MZT2B,ENSG00000152082,MCF7 , 29 , 14.9275 , 6263.0345 , 11.6827 , 5.0345 , 229.7429 , 12.7931 , 2.0691 , 11.738
-3.7537503,3.8406258,52623_1773_B10_4,19,Centrosome,MZT2B,ENSG00000152082,U-2 OS , 18 , 16.5864 , 6095.8333 , 9.3039 , 13.1111 , 240.2591 , 15.4444 , 0.9053 , 1.7057
-3.764384,3.7388139,52623_1773_B10_3,19,Centrosome,MZT2B,ENSG00000152082,U-2 OS , 16 , 15.751 , 7767.3125 , 8.9789 , 12.625 , 286.5341 , 14.75 , 0.9496 , 2.3141
-3.0287626,3.4418695,52612_821_D11_3,19,Centrosome,ADGRB2,ENSG00000121753,U-251 MG , 18 , 18.668 , 5825.7778 , 14.633 , 8.0556 , 219.9484 , 15.5556 , 2.0618 , 8.8913
-3.2054694,4.0715013,52612_821_D11_2,19,Centrosome,ADGRB2,ENSG00000121753,U-251 MG , 13 , 16.4971 , 5924.1538 , 14.4115 , 2.6923 , 227.7045 , 13.2308 , 2.0809 , 8.6778
-2.865369,3.7212117,52612_782_D10_8,19,Centrosome,ADGRB2,ENSG00000121753,U-2 OS , 14 , 7.3183 , 7790.8571 , 8.0308 , 0 , 302.4802 , 5.5 , 2.8942 , 19.6695
-3.0928378,4.1033053,54617_881_H4_6,19,Centrosome,ADGRB2,ENSG00000121753,HeLa , 11 , 6.7905 , 5437.8182 , 10.1314 , 0 , 205.1755 , 4.2727 , 3.9022 , 27.2204
-2.184355,-2.7864976,55134_1038_E9_2,19,Centrosome,TMEM170B,ENSG00000205269,U-2 OS , 12 , 22.2394 , 7412 , 19.0521 , 2.1667 , 284.0825 , 17.9167 , 2.4219 , 11.3723
-3.8809571,-4.2749324,58459_1045_D3_3,19,Centrosome,GABBR1,ENSG00000204681,HeLa , 14 , 5.9252 , 7578.8571 , 6.5299 , 0 , 296.1749 , 4.5714 , 2.7658 , 17.439
-2.7538495,3.6644897,55997_881_D11_2,19,Centrosome,KIFC1,ENSG00000237649,HeLa , 17 , 18.4231 , 5571.9412 , 13.0794 , 12.5294 , 207.9243 , 15.8235 , 2.525 , 14.711
-3.8019435,-4.108833,58459_1045_D3_2,19,Centrosome,GABBR1,ENSG00000204681,HeLa , 15 , 6.3881 , 7410.6667 , 6.2575 , 0 , 293.9242 , 5 , 1.9402 , 8.5813
-3.7526064,4.077685,57689_1037_C3_5,19,Centrosome,TMEM86B,ENSG00000180089,U-2 OS , 13 , 4.7656 , 7800.6923 , 6.0987 , 0 , 294.9786 , 3.4615 , 3.5605 , 35.0456
-3.6491039,4.060823,57689_1037_C3_4,19,Centrosome,TMEM86B,ENSG00000180089,U-2 OS , 16 , 4.6247 , 8143.9375 , 5.4385 , 0 , 313.7626 , 3.125 , 2.2026 , 11.8832
-3.597006,4.0020747,57442_1296_D4_8,19,Centrosome,OR4N4,ENSG00000183706,U-2 OS , 16 , 3.3964 , 6236.375 , 4.2747 , 0 , 233.6105 , 2.1875 , 2.3262 , 11.8862
-3.722046,4.0808024,57442_1296_D4_5,19,Centrosome,OR4N4,ENSG00000183706,U-2 OS , 15 , 3.7161 , 5820.0667 , 4.4373 , 0 , 224.6907 , 2.6667 , 2.0073 , 7.0639
2.0887194,1.963484,57201_1039_E10_4,19,Centrosome,DYNC1LI2,ENSG00000135720,HEK 293 , 36 , 10.4103 , 7791.3056 , 8.5084 , 2.7222 , 277.6089 , 8.5556 , 1.5119 , 3.812
2.335999,2.1857436,57201_1039_E10_1,19,Centrosome,DYNC1LI2,ENSG00000135720,HEK 293 , 22 , 8.2336 , 8512.5 , 7.5309 , 0.4545 , 321.0204 , 6.4545 , 1.7846 , 5.809
-2.7678776,3.693039,55997_881_D11_3,19,Centrosome,KIFC1,ENSG00000237649,HeLa , 11 , 25.615 , 6236.7273 , 16.3262 , 17 , 229.089 , 23 , 1.7815 , 8.0595
-2.721687,3.7402976,55997_879_H9_4,19,Centrosome,KIFC1,ENSG00000237649,U-251 MG , 13 , 22.2331 , 6991 , 15.0607 , 14.6923 , 262.2087 , 19.3077 , 2.0436 , 9.3056
-3.4297795,4.039347,55134_1040_E9_1,19,Centrosome,TMEM170B,ENSG00000205269,HEK 293 , 21 , 29.359 , 7619.6667 , 23.5715 , 5.8095 , 270.6047 , 24.2857 , 1.9761 , 7.1536
-3.0290275,3.933049,55997_879_H9_2,19,Centrosome,KIFC1,ENSG00000237649,U-251 MG , 20 , 17.4627 , 5344.25 , 13.4623 , 9 , 200.7476 , 14.85 , 2.3363 , 12.4373
-3.535542,4.0820303,55414_1475_A4_4,19,Centrosome,ALDH8A1,ENSG00000118514,HEK 293 , 21 , 9.847 , 8289.6667 , 9.5943 , 4.1905 , 294.6842 , 7.9524 , 3.0173 , 23.5997
-3.3090136,4.1122494,55414_1475_A4_2,19,Centrosome,ALDH8A1,ENSG00000118514,HEK 293 , 12 , 10.5264 , 12776.6667 , 9.3289 , 3.9167 , 352.1584 , 8.8333 , 2.6233 , 20.1075
-3.8188183,4.1317396,55414_1405_C9_3,19,Centrosome,ALDH8A1,ENSG00000118514,Hep G2 , 48 , 5.875 , 4906.2708 , 6.2424 , 0 , 182.2971 , 4.6042 , 2.3332 , 14.2529
-3.8038664,4.1093335,55414_1405_C9_2,19,Centrosome,ALDH8A1,ENSG00000118514,Hep G2 , 38 , 6.4394 , 5100.9211 , 6.6556 , 0 , 184.0074 , 5.1053 , 2.1169 , 11.6001
-2.9962246,3.8291771,55134_1177_D3_2,19,Centrosome,TMEM170B,ENSG00000205269,RH-30 , 20 , 15.0227 , 7089.25 , 15.7777 , 0 , 251.8698 , 10.95 , 2.9516 , 15.0552
-3.173411,3.752352,55134_1177_D3_1,19,Centrosome,TMEM170B,ENSG00000205269,RH-30 , 27 , 12.9654 , 6690.2222 , 13.2891 , 0.2222 , 235.1516 , 9.5926 , 2.7809 , 13.4203
-3.5272782,4.0951185,55134_1040_E9_2,19,Centrosome,TMEM170B,ENSG00000205269,HEK 293 , 25 , 33.7555 , 7314.08 , 25.3438 , 9.4 , 271.4353 , 28.4 , 1.7005 , 5.0004
-3.7209027,4.130481,61796_1192_C4_3,19,Centrosome,PSMB5,ENSG00000100804,PC-3 , 13 , 3.7292 , 6628.6154 , 6.4435 , 0 , 246.9536 , 2 , 3.3721 , 24.8469
-3.6686788,4.0137277,61796_1192_C4_5,19,Centrosome,PSMB5,ENSG00000100804,PC-3 , 16 , 3.4022 , 5713.375 , 7.7789 , 0 , 211.3836 , 1.25 , 3.1827 , 18.2796
-3.7004178,3.8961337,62025_1104_F2_3,19,Centrosome,FAM204A,ENSG00000165669,U-2 OS , 15 , 2.3048 , 7722.6667 , 3.1161 , 0 , 305.3866 , 1 , 1.8948 , 5.1665
-3.6655602,4.133992,65691_1247_D7_5,19,Centrosome,MAL,ENSG00000172005,A-431 , 8 , 3.0077 , 8682.25 , 4.1525 , 0 , 301.9269 , 1.25 , 2.012 , 5.7778
-3.4580913,3.9913807,66654_1407_C1_3,19,Centrosome,GRAP,ENSG00000154016,U-2 OS , 14 , 6.8379 , 6714 , 6.8979 , 0 , 268.6997 , 5.1429 , 1.9661 , 8.3158
-3.464576,3.9060166,66605_1573_C7_2,19,Centrosome,FGF11,ENSG00000161958,HaCaT , 25 , 4.4746 , 6204.72 , 4.9047 , 0.12 , 228.7874 , 3.64 , 3.4397 , 37.2367
-3.5597043,4.0183697,66605_1573_C7_1,19,Centrosome,FGF11,ENSG00000161958,HaCaT , 18 , 6.0446 , 6063.5556 , 6.0469 , 0.5 , 224.5115 , 4.9444 , 2.8817 , 29.1264
-3.763855,4.1326823,66605_1247_D11_7,19,Centrosome,FGF11,ENSG00000161958,A-431 , 22 , 5.6282 , 7053.1364 , 6.8386 , 0 , 250.5923 , 3.9091 , 2.3221 , 15.559
-3.6283348,3.9629471,66605_1247_D11_6,19,Centrosome,FGF11,ENSG00000161958,A-431 , 15 , 4.5077 , 7009.0667 , 5.3923 , 0 , 251.401 , 3.3333 , 2.3013 , 16.6152
-3.672435,4.0545974,66605_1244_D11_2,19,Centrosome,FGF11,ENSG00000161958,U-2 OS , 13 , 7.421 , 6873.4615 , 8.8052 , 0 , 257.09 , 5.1538 , 2.5207 , 12.5786
-3.2209032,3.7793515,66605_1244_D11_1,19,Centrosome,FGF11,ENSG00000161958,U-2 OS , 15 , 8.8814 , 7050.5333 , 10.3389 , 0 , 271.7675 , 6.2 , 2.8808 , 15.393
-3.672882,4.078398,65691_1247_D7_6,19,Centrosome,MAL,ENSG00000172005,A-431 , 10 , 2.7809 , 7157.8 , 4.4489 , 0 , 260.7347 , 1.2 , 2.7289 , 16.1596
-3.6265981,4.1293907,65482_1417_A1_3,19,Centrosome,UBXN2A,ENSG00000173960,RH-30 , 18 , 32.7939 , 6875.5556 , 26.7668 , 13.8333 , 259.8164 , 26.1667 , 1.9973 , 6.1878
-3.2899132,4.1573715,66654_1410_C1_1,19,Centrosome,GRAP,ENSG00000154016,Hep G2 , 68 , 4.939 , 5075.6618 , 7.4905 , 0 , 188.886 , 2.7353 , 3.665 , 26.866
-2.9341135,3.9607048,65482_1417_A1_2,19,Centrosome,UBXN2A,ENSG00000173960,RH-30 , 16 , 29.3383 , 8047.875 , 25.8544 , 7.4375 , 303.8851 , 22.6875 , 2.2477 , 8.0059
-3.0289602,3.733014,65482_1270_C3_3,19,Centrosome,UBXN2A,ENSG00000173960,U-2 OS , 10 , 23.6287 , 6682.8 , 21.6808 , 0.8 , 266.8805 , 18.3 , 2.4241 , 9.9096
-2.8956883,3.693479,65482_1270_C3_2,19,Centrosome,UBXN2A,ENSG00000173960,U-2 OS , 7 , 30.5891 , 7760.2857 , 24.0032 , 12.7143 , 302.8035 , 24.7143 , 1.8538 , 5.6712
-3.3916261,3.2828076,65482_1263_C3_3,19,Centrosome,UBXN2A,ENSG00000173960,SK-MEL-30 , 13 , 4.8908 , 5695.6154 , 6.0704 , 0 , 212.2808 , 3.3846 , 3.3871 , 21.0242
-3.1938453,3.594992,65482_1263_C3_2,19,Centrosome,UBXN2A,ENSG00000173960,SK-MEL-30 , 19 , 4.0506 , 5431.5263 , 5.1265 , 0 , 202.5006 , 2.5263 , 2.4852 , 11.2522
-3.1871965,3.9950826,64875_1154_G6_2,19,Centrosome,CEP250,ENSG00000126001,U-2 OS , 12 , 10.6277 , 7496 , 10.7362 , 0 , 284.3361 , 7.9167 , 2.0604 , 8.5435
-3.7158413,4.1450753,64875_1154_G6_1,19,Centrosome,CEP250,ENSG00000126001,U-2 OS , 9 , 10.0217 , 6103.7778 , 9.174 , 1 , 237.4398 , 8.1111 , 2.7123 , 19.9041
-3.77041,4.1900296,64875_1151_G6_6,19,Centrosome,CEP250,ENSG00000126001,RH-30 , 13 , 3.7635 , 6204.7692 , 4.3126 , 0 , 239.4129 , 2.6154 , 1.9837 , 7.8319
-3.6502333,4.060607,66654_1407_C1_5,19,Centrosome,GRAP,ENSG00000154016,U-2 OS , 12 , 7.525 , 7130.8333 , 8.6789 , 0 , 283.192 , 5.5833 , 3.1701 , 23.4454
-3.2847345,4.1675043,66654_1410_C1_2,19,Centrosome,GRAP,ENSG00000154016,Hep G2 , 59 , 4.6311 , 5005.1864 , 6.6777 , 0 , 184.1095 , 2.5932 , 3.1058 , 17.3668
-3.5807228,3.819939,62025_1104_F2_4,19,Centrosome,FAM204A,ENSG00000165669,U-2 OS , 20 , 7.8145 , 6343.05 , 7.467 , 0 , 250.3994 , 6.3 , 1.9918 , 12.1197
-3.6185224,3.8455882,69293_1418_H10_1,19,Centrosome,TTC6,ENSG00000139865,Hep G2 , 33 , 3.9098 , 5364.1515 , 5.3677 , 0 , 202.4771 , 2.6061 , 3.3618 , 30.2192
-3.4473648,3.9507587,69748_1339_F4_1,19,Centrosome,SEC14L4,ENSG00000133488,SiHa , 15 , 7.0867 , 7563.8667 , 9.4351 , 0 , 309.8105 , 4.8667 , 3.6275 , 25.5163
-3.601273,3.930685,69444_1586_B2_2,19,Centrosome,LEPROT,ENSG00000213625,SiHa , 25 , 8.4421 , 5692.88 , 8.135 , 0.52 , 230.9627 , 6.88 , 2.0881 , 9.9267
-3.5571287,3.9278963,69444_1586_B2_1,19,Centrosome,LEPROT,ENSG00000213625,SiHa , 24 , 10.3837 , 5403.5833 , 10.2592 , 0 , 218.7571 , 8.2083 , 2.1999 , 10.7224
-3.5431721,3.057206,69444_1544_F3_4,19,Centrosome,LEPROT,ENSG00000213625,BJ , 9 , 7.713 , 6937.1111 , 9.8345 , 0.2222 , 268.5288 , 5.2222 , 3.5717 , 23.9545
-3.4937239,3.179234,69444_1544_F3_1,19,Centrosome,LEPROT,ENSG00000213625,BJ , 12 , 7.8067 , 7027.5833 , 10.4313 , 0 , 271.7991 , 5.1667 , 3.8377 , 28.5853
-3.1422184,3.6990054,69444_1543_F3_3,19,Centrosome,LEPROT,ENSG00000213625,U-2 OS , 11 , 2.9965 , 7428.2727 , 3.5116 , 0 , 289.7962 , 2 , 2.2044 , 10.8804
-2.9467978,3.6456225,69444_1543_F3_1,19,Centrosome,LEPROT,ENSG00000213625,U-2 OS , 12 , 4.3893 , 7335.25 , 5.0983 , 0 , 276.9065 , 3 , 2.6305 , 14.6706
-3.7834852,4.0901732,69293_1418_H10_6,19,Centrosome,TTC6,ENSG00000139865,Hep G2 , 63 , 3.1115 , 6061.5238 , 3.9896 , 0 , 208.7752 , 1.9683 , 2.38 , 12.9424
-0.3390878,-4.8510966,69293_1384_F8_3,19,Centrosome,TTC6,ENSG00000139865,U-2 OS , 13 , 13.3311 , 7355.3846 , 14.6075 , 0 , 283.53 , 9.6923 , 2.5799 , 11.7808
-3.7007897,4.182675,66654_1593_A2_2,19,Centrosome,GRAP,ENSG00000154016,AF22 , 22 , 3.1439 , 6593.0455 , 3.8548 , 0 , 242.0171 , 1.9091 , 1.9834 , 6.3215
-3.6857533,4.0477166,69293_1384_F8_1,19,Centrosome,TTC6,ENSG00000139865,U-2 OS , 12 , 12.1509 , 7484.6667 , 13.2178 , 0 , 300.0469 , 8.6667 , 2.3947 , 10.9693
-3.7403564,3.6632004,69293_1375_F8_3,19,Centrosome,TTC6,ENSG00000139865,RT4 , 62 , 5.5098 , 5502.3065 , 6.5068 , 0.09677 , 214.125 , 3.9355 , 2.9443 , 17.9833
-3.7156336,3.7467139,69293_1375_F8_2,19,Centrosome,TTC6,ENSG00000139865,RT4 , 28 , 5.3607 , 5642.25 , 5.6959 , 0 , 216.9407 , 4.0714 , 2.2016 , 9.9005
-3.393214,3.9554007,69173_1475_D10_7,19,Centrosome,ZNF747,ENSG00000169955,HEK 293 , 29 , 4.4388 , 8619.0345 , 5.8577 , 0 , 291.2334 , 2.8966 , 3.2011 , 23.3096
-3.6831987,4.134505,69173_1475_D10_2,19,Centrosome,ZNF747,ENSG00000169955,HEK 293 , 21 , 7.3057 , 7735.0952 , 7.4108 , 0 , 276.4597 , 5.5714 , 2.3152 , 12.216
-2.5045445,3.7153556,69079_1394_H1_6,19,Centrosome,PATJ,ENSG00000132849,U-2 OS , 17 , 7.5026 , 7045.1765 , 7.4683 , 0.3529 , 283.9794 , 5.8235 , 2.4271 , 12.9991
-3.457119,4.0016346,69079_1394_H1_4,19,Centrosome,PATJ,ENSG00000132849,U-2 OS , 27 , 13.9928 , 6439.5556 , 11.4532 , 3.963 , 251.5872 , 11.4815 , 1.8841 , 7.1927
-3.7032387,4.134508,66654_1593_A2_3,19,Centrosome,GRAP,ENSG00000154016,AF22 , 29 , 2.2205 , 6125.1724 , 3.1346 , 0 , 235.5484 , 1.3448 , 2.9229 , 20.2405
-3.7436793,4.173934,64875_1151_G6_4,19,Centrosome,CEP250,ENSG00000126001,RH-30 , 19 , 3.638 , 5537.1053 , 4.4801 , 0 , 218.4234 , 2.3158 , 1.9998 , 6.812
-2.845831,3.7578537,64843_1246_B11_2,19,Centrosome,SPICE1,ENSG00000163611,A-431 , 16 , 20.9687 , 6388.0625 , 12.4454 , 13.3125 , 238.0542 , 18.875 , 1.1351 , 2.56
-2.9104483,3.6930888,64843_1246_B11_1,19,Centrosome,SPICE1,ENSG00000163611,A-431 , 16 , 17.227 , 7242.5625 , 10.9515 , 10.875 , 256.5501 , 15.375 , 1.511 , 7.7457
-3.4324672,3.8568587,62626_1127_E10_2,19,Centrosome,LMF2,ENSG00000100258,HEK 293 , 38 , 3.6221 , 7301.6316 , 4.1429 , 0 , 253.2259 , 2.5526 , 1.9849 , 7.0043
-3.4151149,4.0292354,62681_1272_F12_5,19,Centrosome,EMC6,ENSG00000127774,HEK 293 , 37 , 5.7958 , 7082.1351 , 6.1539 , 0.1081 , 260.3962 , 4.1892 , 1.7375 , 5.3957
-3.3279545,3.812622,62681_1272_F12_1,19,Centrosome,EMC6,ENSG00000127774,HEK 293 , 21 , 5.3747 , 7028.2381 , 5.955 , 0 , 257.5493 , 4.0476 , 2.0166 , 8.2335
-3.6789155,4.079559,62639_1416_D11_3,19,Centrosome,ZNF616,ENSG00000204611,RH-30 , 17 , 8.4528 , 7246.1765 , 10.1055 , 0 , 286.5335 , 6.1176 , 3.0638 , 19.4623
-3.6156538,4.030263,62639_1416_D11_2,19,Centrosome,ZNF616,ENSG00000204611,RH-30 , 19 , 6.7233 , 8425.1579 , 8.5511 , 0 , 325.0218 , 4.8421 , 3.6933 , 31.0807
-3.629877,4.0260367,62639_1104_B11_3,19,Centrosome,ZNF616,ENSG00000204611,U-2 OS , 24 , 4.3266 , 6615.5833 , 5.2342 , 0 , 259.2403 , 3.0417 , 3.2141 , 29.9493
-3.6892562,4.01197,62639_1104_B11_1,19,Centrosome,ZNF616,ENSG00000204611,U-2 OS , 18 , 3.8738 , 6741.0556 , 5.0461 , 0 , 258.4644 , 2.5 , 3.2383 , 24.652
-3.7126467,3.9993575,62626_1282_A9_3,19,Centrosome,LMF2,ENSG00000100258,HeLa , 12 , 5.8508 , 7560.9167 , 7.8544 , 0 , 292.0256 , 2.5 , 1.9367 , 7.4224
-3.7038102,4.03634,62626_1282_A9_2,19,Centrosome,LMF2,ENSG00000100258,HeLa , 13 , 5.5911 , 7348.5385 , 7.3229 , 0 , 288.4231 , 2.4615 , 1.6156 , 2.8805
-3.5703201,4.0358715,62626_1127_E10_1,19,Centrosome,LMF2,ENSG00000100258,HEK 293 , 33 , 3.5777 , 5842.8485 , 4.2882 , 0 , 206.9973 , 2.4242 , 2.3708 , 13.7883
-3.2603486,3.710966,64397_1156_A9_3,19,Centrosome,CEP290,ENSG00000198707,U-2 OS , 10 , 4.7587 , 7486.2 , 5.9985 , 0 , 283.6613 , 2.9 , 2.4446 , 10.7367
-3.2528772,3.987646,62626_1104_E10_4,19,Centrosome,LMF2,ENSG00000100258,U-2 OS , 17 , 12.0208 , 7395.3529 , 10.2845 , 2.7647 , 283.993 , 10.1765 , 2.4887 , 15.8597
-3.331625,3.7260563,62626_1104_E10_3,19,Centrosome,LMF2,ENSG00000100258,U-2 OS , 13 , 7.2741 , 7545.6154 , 7.3176 , 0 , 287.4406 , 5.6154 , 2.6555 , 15.4238
-3.5622838,3.9086263,62290_1318_C4_3,19,Centrosome,AMN1,ENSG00000151743,A549 , 13 , 6.106 , 4772 , 6.9706 , 0 , 176.5323 , 4.3077 , 2.1889 , 8.8149
-3.8419986,-4.2541604,62290_1318_C4_2,19,Centrosome,AMN1,ENSG00000151743,A549 , 22 , 4.3767 , 5661.3182 , 5.3478 , 0 , 210.8754 , 3 , 2.655 , 15.2654
-3.422594,4.270922,62290_1170_A5_7,19,Centrosome,AMN1,ENSG00000151743,RH-30 , 28 , 3.7802 , 6895.1071 , 5.2041 , 0 , 255.7046 , 2 , 2.5904 , 16.5275
-3.5310102,4.204112,62290_1170_A5_4,19,Centrosome,AMN1,ENSG00000151743,RH-30 , 28 , 3.8237 , 7669 , 5.5994 , 0 , 286.2008 , 1.9643 , 3.1039 , 22.2069
-3.4348798,3.92856,62290_1141_A5_2,19,Centrosome,AMN1,ENSG00000151743,U-2 OS , 11 , 2.9807 , 7638.1818 , 4.1902 , 0 , 295.2979 , 1.4545 , 2.5212 , 12.5812
-3.4295356,3.950635,62290_1141_A5_1,19,Centrosome,AMN1,ENSG00000151743,U-2 OS , 17 , 3.1256 , 7380.5294 , 4.392 , 0 , 290.9484 , 1.5294 , 2.9685 , 25.9532
-3.155798,3.8873975,62743_1191_D9_1,19,Centrosome,FNTB,ENSG00000257365,U-2 OS , 12 , 15.2229 , 7240.25 , 10.5132 , 5.8333 , 280.6598 , 13.4167 , 1.2414 , 2.8313
-3.1970127,3.9984088,62743_1191_D9_2,19,Centrosome,FNTB,ENSG00000257365,U-2 OS , 12 , 14.7757 , 7014.5 , 10.2207 , 6.75 , 281.4782 , 13.1667 , 1.4685 , 7.9507
-3.6924918,3.0067515,63368_1233_H4_2,19,Centrosome,UBE2Q1,ENSG00000160714,SH-SY5Y , 33 , 15.4163 , 6583.2424 , 15.5939 , 2.5758 , 239.9859 , 11.5152 , 3.1031 , 17.5018
-3.5970151,3.7511978,63368_1233_H4_6,19,Centrosome,UBE2Q1,ENSG00000160714,SH-SY5Y , 29 , 14.419 , 4899.6207 , 14.9227 , 0.8276 , 198.9833 , 10.6552 , 3.0209 , 17.0463
-3.6797287,4.127872,64397_1156_A9_1,19,Centrosome,CEP290,ENSG00000198707,U-2 OS , 20 , 4.2322 , 6703.75 , 6.0934 , 0 , 260.5757 , 2.35 , 3.373 , 24.1961
-3.5164561,4.180809,64397_1152_A9_3,19,Centrosome,CEP290,ENSG00000198707,RH-30 , 13 , 5.8702 , 6952.7692 , 9.3385 , 0 , 254.4655 , 3.4615 , 3.1424 , 17.2629
-3.6862533,4.1595993,64397_1152_A9_1,19,Centrosome,CEP290,ENSG00000198707,RH-30 , 16 , 4.0975 , 6772.8125 , 4.9418 , 0 , 243.205 , 2.6875 , 2.0585 , 6.7779
-3.5373795,3.9363759,64246_1169_D12_3,19,Centrosome,FBXO9,ENSG00000112146,SiHa , 32 , 17.5548 , 5832.8438 , 13.3629 , 6.8125 , 226.7819 , 15.125 , 1.9961 , 8.8895
-3.6460583,4.1012692,64246_1169_D12_2,19,Centrosome,FBXO9,ENSG00000112146,SiHa , 37 , 16.9256 , 5597.8649 , 13.332 , 3.1081 , 212.925 , 14.5405 , 1.6153 , 5.2472
-3.3313942,3.887891,63704_1178_A11_5,19,Centrosome,CETN3,ENSG00000153140,SiHa , 14 , 5.7528 , 6944.2857 , 7.4529 , 0 , 287.7217 , 3.3571 , 2.2677 , 10.6624
-3.509672,4.1737604,63704_1178_A11_2,19,Centrosome,CETN3,ENSG00000153140,SiHa , 13 , 5.7793 , 6405.6923 , 7.9082 , 0 , 275.3684 , 3.1538 , 2.9267 , 18.6981
-3.446348,3.9941328,63704_1156_B2_2,19,Centrosome,CETN3,ENSG00000153140,U-2 OS , 10 , 4.7798 , 7182.7 , 6.407 , 0 , 269.6175 , 2.7 , 2.5372 , 11.5291
-3.4555771,3.9547698,63704_1156_B2_1,19,Centrosome,CETN3,ENSG00000153140,U-2 OS , 6 , 3.7764 , 7981.5 , 5.2355 , 0 , 301.4639 , 1.8333 , 2.2514 , 7.4743
-3.410356,4.1820216,63704_1152_B2_3,19,Centrosome,CETN3,ENSG00000153140,RH-30 , 21 , 6.3436 , 6468.619 , 10.873 , 0 , 237.221 , 3.1905 , 3.7449 , 24.8913
-3.480738,4.18593,63704_1152_B2_1,19,Centrosome,CETN3,ENSG00000153140,RH-30 , 17 , 4.766 , 6526.8235 , 6.6807 , 0 , 240.5465 , 2.7647 , 3.3828 , 23.6287
-3.4087057,3.6647506,63596_1132_C5_3,19,Centrosome,ARL3,ENSG00000138175,U-2 OS , 17 , 37.2492 , 6954.2941 , 27.2707 , 11.0588 , 270.4376 , 31.1176 , 1.5586 , 3.9019
-3.3531373,3.3811684,63596_1132_C5_2,19,Centrosome,ARL3,ENSG00000138175,U-2 OS , 13 , 40.5622 , 7648.3077 , 26.8724 , 28.0769 , 297.8829 , 35 , 1.5321 , 4.0332
-3.1521945,3.9194663,63496_1401_E8_2,19,Centrosome,ZNF766,ENSG00000196214,RH-30 , 27 , 5.963 , 7242.2963 , 8.4455 , 0 , 270.4333 , 3.7407 , 3.7862 , 26.1396
-3.6137617,4.152456,63496_1401_E8_1,19,Centrosome,ZNF766,ENSG00000196214,RH-30 , 23 , 6.1397 , 7427.5217 , 8.5825 , 0 , 264.0514 , 4 , 3.7887 , 29.5407
-3.5259938,3.9975078,63368_1236_H4_2,19,Centrosome,UBE2Q1,ENSG00000160714,U-2 OS , 13 , 20.5454 , 6624.6923 , 21.0645 , 0.4615 , 267.632 , 15.3077 , 2.66 , 11.9617
-3.6277688,4.052169,63368_1236_H4_1,19,Centrosome,UBE2Q1,ENSG00000160714,U-2 OS , 12 , 20.8851 , 7234.5833 , 18.8822 , 0 , 289.1245 , 16.5833 , 2.1918 , 8.8613
-3.4951081,3.9316218,52612_782_D10_7,19,Centrosome,ADGRB2,ENSG00000121753,U-2 OS , 12 , 7.7074 , 7707.3333 , 9.4851 , 0 , 299.2533 , 5.5 , 3.5171 , 27.4832
-3.5379293,4.026433,52217_775_D10_2,19,Centrosome,VPS25,ENSG00000131475,A-431 , 20 , 4.878 , 7532.35 , 6.0048 , 0 , 271.7992 , 2.85 , 1.8778 , 5.6195
-3.67402,4.1144266,35854_569_A5_2,19,Centrosome,TRIM2,ENSG00000109654,U-251 MG , 14 , 5.0418 , 5650 , 6.2744 , 0 , 222.7543 , 3.3571 , 2.88 , 21.2194
-3.2356079,3.633585,39742_451_F4_2,19,Centrosome,ISM2,ENSG00000100593,U-2 OS , 15 , 14.1646 , 6074.6667 , 12.888 , 1.7333 , 228.6242 , 11.4667 , 2.3115 , 11.5392
-3.8124826,4.2039266,40236_424_B3_2,19,Centrosome,STK32A,ENSG00000169302,A-431 , 17 , 4.6349 , 7667.8824 , 6.6721 , 0 , 276.2752 , 2.9412 , 4.1592 , 55.7857
-3.8057234,4.1720734,40236_424_B3_1,19,Centrosome,STK32A,ENSG00000169302,A-431 , 12 , 5.7471 , 6535 , 9.0881 , 0 , 237.5512 , 3.4167 , 2.6728 , 14.1278
-3.692205,4.1041245,40236_418_B3_2,19,Centrosome,STK32A,ENSG00000169302,U-2 OS , 16 , 4.4733 , 7150 , 6.8663 , 0 , 270.9395 , 2.9375 , 3.4658 , 28.354
-3.70625,4.132069,40236_418_B3_1,19,Centrosome,STK32A,ENSG00000169302,U-2 OS , 17 , 4.2604 , 7065.4706 , 6.9317 , 0 , 272.7161 , 2.6471 , 3.3161 , 23.8468
-3.870954,4.2195582,40236_1396_A8_4,19,Centrosome,STK32A,ENSG00000169302,RT4 , 69 , 1.8478 , 3966.5217 , 2.9641 , 0 , 157.1781 , 0.04348 , 2.3247 , 7.6405
-3.8735335,4.2150197,40236_1396_A8_2,19,Centrosome,STK32A,ENSG00000169302,RT4 , 59 , 1.7488 , 5664.678 , 2.8666 , 0 , 217.2427 , 0 , 2.4851 , 8.8801
-3.2030807,3.173129,40004_429_E9_4,19,Centrosome,CAPS2,ENSG00000180881,U-251 MG , 15 , 37.7243 , 6579.9333 , 18.3093 , 28.9333 , 241.9544 , 34.8667 , 1.5651 , 6.6353
-3.5180867,3.4870965,40004_429_E9_3,19,Centrosome,CAPS2,ENSG00000180881,U-251 MG , 12 , 31.1527 , 5532.3333 , 19.7268 , 23.25 , 220.4992 , 27.75 , 2.3337 , 11.2823
-3.0888922,3.6393445,39742_451_F4_1,19,Centrosome,ISM2,ENSG00000100593,U-2 OS , 14 , 11.7659 , 8215.3571 , 11.3653 , 0 , 319.4293 , 9.0714 , 2.3396 , 11.0151
-3.0987144,4.0818567,40599_485_H10_3,19,Centrosome,FOPNL,ENSG00000133393,U-251 MG , 10 , 12.9129 , 7545.2 , 12.5807 , 0.9 , 271.774 , 10.3 , 2.6655 , 14.5347
-2.1051278,3.7878356,39715_552_A1_2,19,Centrosome,DCTN2,ENSG00000175203,U-251 MG , 13 , 16.7345 , 6109.3846 , 15.108 , 1.0769 , 244.8522 , 13.5385 , 2.0564 , 8.561
-2.2366107,3.8680148,39715_552_A1_1,19,Centrosome,DCTN2,ENSG00000175203,U-251 MG , 21 , 12.5373 , 5700.0952 , 12.1688 , 0.4286 , 224.5278 , 9.6667 , 2.2373 , 10.0714
-2.1617997,3.7714696,39715_534_A1_2,19,Centrosome,DCTN2,ENSG00000175203,U-2 OS , 16 , 14.5237 , 6823.9375 , 12.0099 , 2.25 , 262.403 , 11.9375 , 1.5949 , 4.6219
-2.046278,3.6885018,39715_534_A1_1,19,Centrosome,DCTN2,ENSG00000175203,U-2 OS , 19 , 14.6077 , 7035.1579 , 11.3559 , 4.1053 , 276.4262 , 12.1053 , 1.4581 , 3.6112
-3.4457862,3.8396626,39475_1177_A9_8,19,Centrosome,RAPSN,ENSG00000165917,RH-30 , 26 , 7.1607 , 6315.6538 , 7.7592 , 0.07692 , 233.1564 , 5.3077 , 2.2959 , 9.7288
-3.5156949,3.9271994,39475_1177_A9_6,19,Centrosome,RAPSN,ENSG00000165917,RH-30 , 25 , 6.883 , 6859.12 , 6.5863 , 0.24 , 261.7054 , 5.6 , 1.8235 , 6.1812
-3.7508855,4.09881,39408_481_C1_2,19,Centrosome,CEP152,ENSG00000103995,U-251 MG , 22 , 8.674 , 6195.0909 , 9.9196 , 0 , 236.9736 , 6.9091 , 2.5681 , 16.1831
-3.806351,4.092847,39408_481_C1_1,19,Centrosome,CEP152,ENSG00000103995,U-251 MG , 17 , 7.7122 , 5824.0588 , 8.5872 , 0 , 216.3374 , 5.9412 , 2.2278 , 11.5718
-3.4528751,4.1957803,40599_485_H10_2,19,Centrosome,FOPNL,ENSG00000133393,U-251 MG , 9 , 13.8858 , 6303.8889 , 13.9184 , 1.6667 , 246.4996 , 10.8889 , 2.4041 , 12.1658
-3.0431724,3.5773928,40599_494_H10_1,19,Centrosome,FOPNL,ENSG00000133393,U-2 OS , 15 , 21.6814 , 7678.8667 , 20.3767 , 0 , 306.1934 , 17.0667 , 2.5932 , 12.4516
-3.704018,4.1763034,38933_416_C12_1,19,Centrosome,C11orf80,ENSG00000173715,U-251 MG , 14 , 11.0027 , 6006.2143 , 9.9779 , 5.2143 , 227.3324 , 9.4286 , 2.1905 , 12.6849
-2.6348178,3.9114835,41709_469_E6_2,19,Centrosome,FKBP11,ENSG00000134285,U-251 MG , 21 , 12.7922 , 5632.7619 , 11.8624 , 3.8095 , 210.1417 , 9.9524 , 2.1807 , 8.9081
-3.2070043,4.098117,41941_476_D2_2,19,Centrosome,TERB2,ENSG00000167014,U-2 OS , 27 , 14.5104 , 7191.6296 , 16.7674 , 0 , 272.9863 , 10.3333 , 3.3124 , 19.2919
-3.4837136,4.1374826,41941_476_D2_1,19,Centrosome,TERB2,ENSG00000167014,U-2 OS , 27 , 12.5378 , 6482.4074 , 14.0266 , 0 , 249.7375 , 9.0741 , 2.6018 , 12.0175
-3.617399,4.187099,41941_472_D2_2,19,Centrosome,TERB2,ENSG00000167014,A-431 , 13 , 11.2981 , 8978.3846 , 7.7032 , 8.8462 , 306.9322 , 10.4615 , 2.4103 , 19.5989
-3.6300557,4.150355,41941_472_D2_1,19,Centrosome,TERB2,ENSG00000167014,A-431 , 9 , 10.9113 , 8772.7778 , 7.49 , 7.6667 , 308.849 , 9.5556 , 1.4923 , 5.3542
-3.4590135,4.205467,41941_469_D2_3,19,Centrosome,TERB2,ENSG00000167014,U-251 MG , 18 , 5.5801 , 6366.4444 , 8.8031 , 0 , 246.908 , 2.5556 , 2.9499 , 18.197
-3.2670548,4.2255397,41941_469_D2_2,19,Centrosome,TERB2,ENSG00000167014,U-251 MG , 14 , 5.32 , 6456.6429 , 9.1637 , 0 , 240.0145 , 2.2143 , 2.9633 , 13.9153
-2.838445,4.0443163,41709_472_E6_2,19,Centrosome,FKBP11,ENSG00000134285,A-431 , 17 , 11.5139 , 7316.2941 , 10.8486 , 6.8235 , 260.2537 , 9.2353 , 3.0305 , 20.2787
-3.118082,4.1991353,41709_472_E6_1,19,Centrosome,FKBP11,ENSG00000134285,A-431 , 16 , 8.3585 , 8601.3125 , 8.7838 , 0.875 , 298.6418 , 6.25 , 3.2533 , 22.4493
-2.9711015,4.0933514,41709_469_E6_1,19,Centrosome,FKBP11,ENSG00000134285,U-251 MG , 17 , 15.3866 , 5849.7647 , 17.9136 , 2.7647 , 234.022 , 10.8235 , 2.7641 , 12.1012
-3.452649,3.5046203,40599_494_H10_2,19,Centrosome,FOPNL,ENSG00000133393,U-2 OS , 22 , 14.583 , 6493.2273 , 13.5161 , 0 , 253.9291 , 11.9091 , 2.4556 , 13.6958
-3.6983995,3.98844,41450_866_A2_3,19,Centrosome,CNOT10,ENSG00000182973,HEK 293 , 45 , 7.1179 , 6812.4889 , 7.4048 , 0 , 247.5899 , 5.4444 , 1.9148 , 9.7503
-3.719913,3.796123,41450_866_A2_2,19,Centrosome,CNOT10,ENSG00000182973,HEK 293 , 47 , 6.9958 , 7008.0638 , 6.4118 , 0.1277 , 259.8633 , 5.8511 , 1.6678 , 6.834
-3.4197416,2.7393706,41398_509_D10_2,19,Centrosome,C10orf107,ENSG00000183346,U-251 MG , 18 , 16.4825 , 6033.1667 , 14.7449 , 2.1111 , 230.648 , 13.2222 , 2.5072 , 14.2386
-3.4307623,2.6304822,41398_509_D10_1,19,Centrosome,C10orf107,ENSG00000183346,U-251 MG , 21 , 17.4745 , 5743.0476 , 15.1039 , 3.4286 , 224.4954 , 14.0476 , 2.2261 , 10.2994
-3.5704515,3.2467477,41398_1381_A4_6,19,Centrosome,C10orf107,ENSG00000183346,SH-SY5Y , 52 , 12.6091 , 4921.0385 , 7.2716 , 8.8846 , 192.9219 , 11.6731 , 1.0094 , 2.9283
-3.6646428,3.4661431,41398_1381_A4_5,19,Centrosome,C10orf107,ENSG00000183346,SH-SY5Y , 54 , 11.9311 , 4705.9259 , 7.5076 , 9.3704 , 185.7332 , 10.9074 , 1.5219 , 8.225
-3.59097,3.7652845,40717_557_D6_7,19,Centrosome,MED20,ENSG00000124641,A-431 , 11 , 7.2734 , 7965.2727 , 7.8354 , 0 , 280.3045 , 5.3636 , 2.8561 , 18.867
-3.3057897,3.816309,40717_557_D6_4,19,Centrosome,MED20,ENSG00000124641,A-431 , 9 , 7.9774 , 8515.2222 , 8.9509 , 0.6667 , 302.7828 , 6.1111 , 3.4895 , 32.4822
-3.681261,4.145894,38933_416_C12_2,19,Centrosome,C11orf80,ENSG00000173715,U-251 MG , 18 , 9.0815 , 5536.6111 , 8.0005 , 2.8333 , 215.8699 , 7.7222 , 2.205 , 13.3919
-3.7899997,4.189217,38933_415_C12_2,19,Centrosome,C11orf80,ENSG00000173715,A-431 , 16 , 11.0733 , 7043.875 , 9.7033 , 0.875 , 253.5175 , 9.4375 , 1.8452 , 8.6568
-3.5267944,4.0377684,52217_760_D10_2,19,Centrosome,VPS25,ENSG00000131475,U-2 OS , 13 , 7.4154 , 7961.9231 , 9.0759 , 0 , 293.6982 , 5.4615 , 2.6308 , 18.2774
-3.3451293,3.779696,37302_640_A4_2,19,Centrosome,DAPK1,ENSG00000196730,A-431 , 18 , 2.7254 , 7497.4444 , 3.9922 , 0 , 267.33 , 1.1667 , 2.6188 , 16.2567
-3.38971,4.079914,37583_1396_F12_9,19,Centrosome,PLEKHS1,ENSG00000148735,RT4 , 49 , 3.534 , 6447.0816 , 5.9888 , 0 , 235.1911 , 1.5918 , 3.7397 , 24.1282
-3.8423665,4.1909165,37583_1396_F12_8,19,Centrosome,PLEKHS1,ENSG00000148735,RT4 , 43 , 2.3761 , 4368.186 , 3.2582 , 0 , 165.7191 , 1.0698 , 1.9914 , 6.6182
-3.5837336,4.1963744,37376_521_F3_3,19,Centrosome,WDR37,ENSG00000047056,U-251 MG , 11 , 5.5701 , 7321.0909 , 10.8757 , 0 , 267.0747 , 2.2727 , 4.3656 , 32.2457
-3.1069734,4.133152,37376_521_F3_2,19,Centrosome,WDR37,ENSG00000047056,U-251 MG , 15 , 7.2059 , 6783.8667 , 14.3615 , 0 , 255.0973 , 3.2667 , 3.649 , 20.2793
-3.4473395,3.9880471,37302_642_A4_8,19,Centrosome,DAPK1,ENSG00000196730,U-2 OS , 20 , 3.2932 , 6161.8 , 4.5451 , 0 , 244.6751 , 1.3 , 2.1027 , 9.194
-3.7390935,4.210161,37302_642_A4_1,19,Centrosome,DAPK1,ENSG00000196730,U-2 OS , 10 , 2.8446 , 7068.7 , 3.9733 , 0 , 275.2128 , 1.2 , 2.15 , 7.1768
-3.5722797,4.176478,37302_641_A4_4,19,Centrosome,DAPK1,ENSG00000196730,U-251 MG , 12 , 3.83 , 6339.8333 , 5.8742 , 0 , 240.2974 , 1.5833 , 2.7788 , 14.768
-3.7208858,4.147879,37302_641_A4_3,19,Centrosome,DAPK1,ENSG00000196730,U-251 MG , 11 , 3.6078 , 7356.3636 , 5.4153 , 0 , 263.8833 , 1.3636 , 2.8452 , 15.0642
-3.6363225,4.0928054,37302_640_A4_1,19,Centrosome,DAPK1,ENSG00000196730,A-431 , 16 , 2.5338 , 7365.6875 , 4.5454 , 0 , 265.4581 , 1.0625 , 2.7274 , 15.2437
-3.8113065,4.104637,37583_436_G3_3,19,Centrosome,PLEKHS1,ENSG00000148735,A-431 , 13 , 18.258 , 7671.6923 , 12.3612 , 11.9231 , 263.0726 , 16.1538 , 1.8469 , 7.6955
-3.2489438,4.054796,36946_1036_D11_6,19,Centrosome,TRDMT1,ENSG00000107614,HEK 293 , 29 , 11.8679 , 7400.7586 , 11.3943 , 0.3103 , 284.1085 , 9.2069 , 1.9725 , 7.1223
-2.8375921,4.046447,36946_1036_D11_3,19,Centrosome,TRDMT1,ENSG00000107614,HEK 293 , 24 , 10.2599 , 8195 , 9.9556 , 0 , 297.9498 , 7.9167 , 2.0626 , 7.4783
-3.6665564,3.991064,3647_22_C11_2,19,Centrosome,DNAL4,ENSG00000100246,U-251 MG , 10 , 10.2341 , 7246.5 , 9.7378 , 0 , 263.5025 , 8.9 , 2.4176 , 15.3032
-3.5560899,3.9912956,3647_22_C11_1,19,Centrosome,DNAL4,ENSG00000100246,U-251 MG , 12 , 15.6502 , 6828.9167 , 11.4501 , 7 , 265.5991 , 14.3333 , 1.7285 , 9.9265
-3.7620614,3.939606,36405_571_B10_2,19,Centrosome,OBSL1,ENSG00000124006,A-431 , 12 , 19.2102 , 8276.9167 , 14.665 , 8.1667 , 293.3946 , 16.3333 , 1.9062 , 8.6311
-3.2810016,3.202587,36405_571_B10_1,19,Centrosome,OBSL1,ENSG00000124006,A-431 , 10 , 22.3285 , 8626.1 , 15.9126 , 11.2 , 294.683 , 19.4 , 1.8004 , 7.1176
-3.5198083,3.9863822,36405_544_B10_2,19,Centrosome,OBSL1,ENSG00000124006,U-251 MG , 19 , 10.4108 , 5680.8947 , 11.4574 , 0 , 226.7053 , 8.1579 , 2.2627 , 11.6377
-3.6294541,4.110635,36405_544_B10_1,19,Centrosome,OBSL1,ENSG00000124006,U-251 MG , 16 , 8.7018 , 5615.75 , 10.7067 , 0 , 223.7351 , 6.25 , 2.2965 , 10.8527
-3.562012,3.4967532,37583_436_G3_2,19,Centrosome,PLEKHS1,ENSG00000148735,A-431 , 20 , 14.3369 , 7810.8 , 12.4143 , 3.45 , 270.8752 , 11.85 , 2.7089 , 17.5839
-3.5342011,3.9132204,37583_442_G3_1,19,Centrosome,PLEKHS1,ENSG00000148735,U-2 OS , 11 , 11.4408 , 7243.9091 , 9.9201 , 1.4545 , 271.3552 , 9.0909 , 1.9477 , 8.4818
-3.7771409,4.1617174,38933_415_C12_1,19,Centrosome,C11orf80,ENSG00000173715,A-431 , 15 , 11.8432 , 8193.3333 , 11.924 , 1.2 , 268.1613 , 9.8 , 3.1774 , 24.8083
-3.4879568,3.52007,3819_117_B5_2,19,Centrosome,CPE,ENSG00000109472,U-2 OS , 14 , 13.6925 , 5807.2857 , 12.2083 , 1.1429 , 225.7684 , 11.2143 , 2.2201 , 10.7917
-3.1905506,4.026748,38933_411_C12_3,19,Centrosome,C11orf80,ENSG00000173715,U-2 OS , 16 , 23.1957 , 7787.8125 , 18.5263 , 14.5625 , 293.6439 , 19.375 , 2.6597 , 13.5281
-3.466411,4.1112795,38933_411_C12_2,19,Centrosome,C11orf80,ENSG00000173715,U-2 OS , 15 , 25.32 , 7565.3333 , 21.2544 , 16 , 289.4961 , 21.0667 , 3.1662 , 17.9645
-3.2541628,3.787612,38640_1656_D9_2,19,Centrosome,LMNTD1,ENSG00000152936,SH-SY5Y , 31 , 7.5868 , 5458.4516 , 8.9294 , 0 , 206.0498 , 5.1935 , 2.3235 , 9.7953
-3.4023643,3.898913,38640_1656_D9_1,19,Centrosome,LMNTD1,ENSG00000152936,SH-SY5Y , 31 , 8.1655 , 5860.4516 , 9.4916 , 0 , 226.5495 , 5.6774 , 2.3447 , 11.3605
-3.6907783,4.142965,38585_1509_F2_6,19,Centrosome,C11orf70,ENSG00000137691,SiHa , 26 , 15.3682 , 6080.5 , 14.1678 , 0 , 238.5592 , 12.3077 , 2.1188 , 9.0294
-3.4798453,3.8950007,38585_1509_F2_4,19,Centrosome,C11orf70,ENSG00000137691,SiHa , 31 , 16.7671 , 6011.0645 , 14.6408 , 0 , 237.2686 , 13.7742 , 1.8447 , 6.8407
-3.5027163,3.3903751,38585_1125_B7_3,19,Centrosome,C11orf70,ENSG00000137691,A549 , 17 , 24.9576 , 5292 , 19.9384 , 9.4118 , 195.4718 , 20.8824 , 2.131 , 9.355
-1.9755738,-1.9910266,38585_1125_B7_2,19,Centrosome,C11orf70,ENSG00000137691,A549 , 12 , 18.7739 , 5618.8333 , 12.7248 , 13.8333 , 202.9604 , 16.6667 , 2.2955 , 14.0752
-3.486397,3.6793218,3819_117_B5_1,19,Centrosome,CPE,ENSG00000109472,U-2 OS , 14 , 11.9171 , 6303 , 11.7092 , 0 , 246.195 , 9.1429 , 2.1195 , 9.724
-3.3811536,3.2006075,37583_442_G3_2,19,Centrosome,PLEKHS1,ENSG00000148735,U-2 OS , 19 , 11.2378 , 7122.4737 , 9.443 , 1.7895 , 267.3155 , 9.5263 , 2.2887 , 14.7577
-3.828274,4.1509094,37682_441_H4_2,19,Centrosome,INPP4B,ENSG00000109452,A-431 , 16 , 8.4527 , 7322.5 , 9.4742 , 0.4375 , 256.3987 , 6.5625 , 2.6192 , 16.9421
-3.856576,4.2290826,37682_441_H4_1,19,Centrosome,INPP4B,ENSG00000109452,A-431 , 20 , 5.5829 , 7930.15 , 6.8786 , 0 , 277.3128 , 3.95 , 2.9968 , 24.6121
-3.5963998,4.0952954,37682_432_H4_3,19,Centrosome,INPP4B,ENSG00000109452,U-2 OS , 13 , 9.5997 , 7511.8462 , 9.8839 , 3.3077 , 295.9915 , 7.6154 , 3.2052 , 23.4299
-3.6770709,4.1114917,37682_432_H4_1,19,Centrosome,INPP4B,ENSG00000109452,U-2 OS , 15 , 6.972 , 6838.2667 , 5.877 , 1.6 , 262.7308 , 5.8667 , 1.7178 , 6.334
-3.6719627,4.153534,37682_430_H4_2,19,Centrosome,INPP4B,ENSG00000109452,U-251 MG , 8 , 13.7946 , 6440.125 , 17.0791 , 1.75 , 257.0482 , 10.25 , 3.2958 , 18.3706
-3.6044755,4.07966,37682_430_H4_1,19,Centrosome,INPP4B,ENSG00000109452,U-251 MG , 12 , 9.8791 , 5265.75 , 10.9979 , 0 , 207.5907 , 7.3333 , 2.5775 , 13.0206
-3.8038743,3.8267224,37606_412_H7_3,19,Centrosome,CEP164,ENSG00000110274,U-2 OS , 19 , 10.8959 , 7287.5789 , 12.002 , 0 , 281.9792 , 8.4737 , 3.2169 , 22.1152
-3.5278592,2.8358765,37606_412_H7_2,19,Centrosome,CEP164,ENSG00000110274,U-2 OS , 17 , 13.3329 , 7273.8824 , 11.1558 , 3.2941 , 276.3977 , 11.0588 , 2.1995 , 10.7087
-3.6994953,4.1465154,42011_1168_H1_1,19,Centrosome,ITPRIPL2,ENSG00000205730,SiHa , 34 , 11.3322 , 5542.4706 , 9.7215 , 0.2353 , 213.156 , 9.3824 , 1.7359 , 6.0567
-3.615701,4.0771036,42011_1168_H1_2,19,Centrosome,ITPRIPL2,ENSG00000205730,SiHa , 28 , 8.9198 , 5831.6071 , 8.6671 , 0 , 222.0873 , 7.0714 , 2.1343 , 9.3518
-3.5886347,3.937777,42011_1248_D1_1,19,Centrosome,ITPRIPL2,ENSG00000205730,A-431 , 9 , 7.1107 , 7406.5556 , 7.0642 , 0 , 263.0248 , 5.6667 , 2.3034 , 11.7447
-2.2149632,3.9013708,48565_791_D7_2,19,Centrosome,ASAP1,ENSG00000153317,U-251 MG , 15 , 18.3458 , 7135.6667 , 14.9169 , 2.7333 , 255.5966 , 15.4 , 1.9354 , 9.1537
-3.759851,4.0211897,48884_1300_G3_2,19,Centrosome,LTB,ENSG00000227507,U-2 OS , 12 , 7.7328 , 7420.5 , 6.4808 , 2.25 , 286.092 , 6.8333 , 1.708 , 10.3574
-3.5617194,4.1315956,48841_749_A8_2,19,Centrosome,ODF2,ENSG00000136811,MCF7 , 38 , 7.4707 , 6405.1842 , 8.8653 , 0 , 230.8777 , 5.3947 , 3.0772 , 22.0365
2.9659083,0.4719007,48841_749_A8_1,19,Centrosome,ODF2,ENSG00000136811,MCF7 , 48 , 7.5555 , 5530.7917 , 7.6389 , 0 , 205.3354 , 5.8125 , 2.0366 , 9.0685
-3.2227082,3.9871614,48841_735_A8_4,19,Centrosome,ODF2,ENSG00000136811,U-2 OS , 12 , 5.5475 , 6748.3333 , 6.6664 , 0 , 266.3509 , 3.6667 , 2.7311 , 15.9148
-3.4606717,3.9572647,48841_735_A8_3,19,Centrosome,ODF2,ENSG00000136811,U-2 OS , 9 , 7.2339 , 6934.3333 , 7.8152 , 0 , 262.5843 , 5.3333 , 1.8143 , 5.3528
-3.0081127,4.0915656,48565_798_D7_4,19,Centrosome,ASAP1,ENSG00000153317,A-431 , 12 , 16.9957 , 8809.4167 , 9.9741 , 9.4167 , 306.0894 , 15.75 , 1.3445 , 7.4326
-2.9014354,4.0390244,48565_798_D7_3,19,Centrosome,ASAP1,ENSG00000153317,A-431 , 17 , 14.3592 , 7123.6471 , 9.8497 , 5.1176 , 252.704 , 12.8824 , 0.9674 , 1.3728
-0.16116002,4.0215693,48565_791_D7_3,19,Centrosome,ASAP1,ENSG00000153317,U-251 MG , 15 , 18.296 , 6603.4667 , 14.3209 , 0.2 , 253.1558 , 15.6 , 1.5917 , 5.0013
-3.6417372,3.9434109,47929_1634_D4_2,19,Centrosome,PCLAF,ENSG00000166803,U-2 OS , 18 , 2.5936 , 7475.7222 , 3.2198 , 0 , 297.1941 , 1.5 , 1.6831 , 3.6818
-3.8872645,4.2349334,48884_1421_G9_1,19,Centrosome,LTB,ENSG00000227507,RT4 , 48 , 3.0244 , 5961.3542 , 2.9372 , 0.1667 , 226.8576 , 2.4583 , 1.2598 , 2.1371
-3.688766,3.8965242,47929_1634_D4_1,19,Centrosome,PCLAF,ENSG00000166803,U-2 OS , 17 , 3.0354 , 7551.6471 , 3.7206 , 0 , 294.6926 , 2.0588 , 2.1293 , 11.4676
-3.8028374,4.1652555,47929_1625_F7_2,19,Centrosome,PCLAF,ENSG00000166803,U-251 MG , 21 , 2.6234 , 6971.8571 , 3.5014 , 0 , 255.7092 , 1.7143 , 2.6956 , 18.7279
-3.7675338,4.0983486,47929_1625_F7_1,19,Centrosome,PCLAF,ENSG00000166803,U-251 MG , 28 , 2.7579 , 5704.2143 , 3.8814 , 0 , 216.2225 , 1.8214 , 3.1284 , 23.094
-3.7989674,4.0925417,47929_1609_D4_2,19,Centrosome,PCLAF,ENSG00000166803,RH-30 , 33 , 5.0515 , 6675.0303 , 5.9224 , 0 , 253.902 , 3.7576 , 2.406 , 15.4837
-3.8434346,4.092008,47929_1609_D4_1,19,Centrosome,PCLAF,ENSG00000166803,RH-30 , 32 , 4.6758 , 6558.375 , 5.3253 , 0 , 243.0434 , 3.5 , 1.9926 , 8.7499
-3.464819,4.1310415,47707_791_F9_2,19,Centrosome,PLEKHH1,ENSG00000054690,U-251 MG , 19 , 6.2094 , 5971.7368 , 7.3544 , 0 , 220.8658 , 4.3158 , 2.1779 , 8.9902
-3.6343691,3.8766348,47707_791_F9_1,19,Centrosome,PLEKHH1,ENSG00000054690,U-251 MG , 14 , 5.8554 , 6280.3571 , 8.5085 , 0 , 241.4217 , 3.6429 , 2.8067 , 15.5011
-3.1611326,4.0516033,46529_752_E9_4,19,Centrosome,CDK5RAP2,ENSG00000136861,U-251 MG , 16 , 6.382 , 6677.125 , 6.9893 , 0 , 264.3749 , 4.75 , 1.7088 , 4.8435
-3.699677,3.966888,48884_1300_G3_3,19,Centrosome,LTB,ENSG00000227507,U-2 OS , 12 , 9.3674 , 6803.75 , 7.5195 , 1.6667 , 274.1245 , 8.5833 , 1.7574 , 11.4487
-3.8827577,4.236363,48884_1421_G9_3,19,Centrosome,LTB,ENSG00000227507,RT4 , 58 , 2.0086 , 6105.2586 , 2.4895 , 0 , 232.9025 , 1.069 , 1.8223 , 5.327
-3.6799448,4.0923233,42011_1248_D1_6,19,Centrosome,ITPRIPL2,ENSG00000205730,A-431 , 16 , 8.5158 , 6885.1875 , 7.6917 , 1.3125 , 252.2564 , 7 , 2.3097 , 15.4844
-3.0138814,3.8206894,51149_712_A12_1,19,Centrosome,SMUG1,ENSG00000123415,U-2 OS , 14 , 25.8615 , 7303.9286 , 19.0548 , 5.0714 , 289.5407 , 22.1429 , 1.5395 , 4.4429
-3.2193239,3.699503,52217_760_D10_1,19,Centrosome,VPS25,ENSG00000131475,U-2 OS , 14 , 6.3561 , 7264.7143 , 6.8179 , 0 , 277.8877 , 4.6429 , 1.8085 , 7.7692
-3.5100372,3.9816813,52217_756_D10_2,19,Centrosome,VPS25,ENSG00000131475,U-251 MG , 17 , 4.5729 , 6163 , 5.6962 , 0 , 244.6149 , 2.7647 , 2.2222 , 9.6349
-3.2940779,3.834427,52217_756_D10_1,19,Centrosome,VPS25,ENSG00000131475,U-251 MG , 17 , 4.1437 , 5662.8235 , 5.5912 , 0 , 214.0309 , 2.2353 , 2.3518 , 9.7499
-1.2802043,-2.1416864,51758_779_A9_2,19,Centrosome,MZT2B,ENSG00000152082,U-2 OS , 18 , 15.2367 , 5990.1667 , 13.6525 , 0 , 238.9786 , 12.2222 , 2.001 , 7.246
-2.978974,3.9247553,51758_779_A9_1,19,Centrosome,MZT2B,ENSG00000152082,U-2 OS , 16 , 13.09 , 6399.4375 , 12.071 , 0.25 , 244.3329 , 10.3125 , 2.0956 , 8.772
-2.826021,3.7627363,51149_964_A12_2,19,Centrosome,SMUG1,ENSG00000123415,MCF7 , 45 , 35.7152 , 5652 , 24.8413 , 22.1111 , 204.404 , 30.0222 , 1.7882 , 5.3654
-2.7446318,3.8039606,51149_964_A12_1,19,Centrosome,SMUG1,ENSG00000123415,MCF7 , 35 , 35.2059 , 6229.7143 , 22.8173 , 22.7429 , 229.0404 , 30.4857 , 1.5873 , 4.3202
-2.9148672,3.7429643,51149_712_A12_2,19,Centrosome,SMUG1,ENSG00000123415,U-2 OS , 15 , 25.9128 , 7103.8667 , 19.5183 , 5.0667 , 266.5141 , 22 , 1.5773 , 4.6756
-3.4511638,3.7611372,50492_831_B11_3,19,Centrosome,ERCC6L,ENSG00000186871,U-2 OS , 15 , 12.2852 , 7090.8 , 6.7805 , 9 , 267.1866 , 11.4 , 1.2967 , 9.0629
-3.8092895,4.1956906,48884_1778_E2_3,19,Centrosome,LTB,ENSG00000227507,REH , 98 , 2.5431 , 2808.6735 , 4.3487 , 0 , 107.8122 , 0.9184 , 2.696 , 12.3279
-3.348089,3.2806127,50492_831_B11_2,19,Centrosome,ERCC6L,ENSG00000186871,U-2 OS , 13 , 33.5227 , 7269.3077 , 11.6373 , 30 , 271.0387 , 32.3077 , 1.0422 , 4.1928
-3.4816709,3.9844594,50189_800_C6_2,19,Centrosome,HPS4,ENSG00000100099,A-431 , 16 , 3.1529 , 7704.1875 , 4.5206 , 0 , 269.0607 , 1.875 , 3.454 , 38.4247
-3.582295,4.0493517,50189_800_C6_1,19,Centrosome,HPS4,ENSG00000100099,A-431 , 15 , 3.0424 , 7577.8667 , 4.1724 , 0 , 280.497 , 1.6 , 2.6354 , 16.1873
-3.2430851,3.7346382,50189_793_C6_2,19,Centrosome,HPS4,ENSG00000100099,U-251 MG , 17 , 4.0451 , 6198.1765 , 5.2973 , 0 , 237.3943 , 2 , 1.9982 , 6.7692
-3.1865013,3.7450376,50189_793_C6_1,19,Centrosome,HPS4,ENSG00000100099,U-251 MG , 15 , 3.7878 , 6201.2667 , 5.3336 , 0 , 241.6836 , 1.6 , 2.2797 , 8.8037
-3.263184,3.7510443,49352_785_D12_6,19,Centrosome,CDIP1,ENSG00000089486,HeLa , 11 , 9.4299 , 7567.9091 , 12.2393 , 0 , 294.5357 , 6.4545 , 3.326 , 20.6525
-3.186099,4.0235176,49352_785_D12_5,19,Centrosome,CDIP1,ENSG00000089486,HeLa , 8 , 5.8392 , 6322.75 , 7.6795 , 0 , 240.1941 , 4.25 , 3.3585 , 25.2002
-3.8201005,4.193216,48884_1778_E2_4,19,Centrosome,LTB,ENSG00000227507,REH , 115 , 2.6973 , 2736.5217 , 5.3602 , 0 , 104.9152 , 0.9565 , 2.9403 , 15.0573
-3.1214092,4.0843306,46529_752_E9_3,19,Centrosome,CDK5RAP2,ENSG00000136861,U-251 MG , 11 , 6.6709 , 6839.9091 , 7.5177 , 0 , 260.679 , 4.4545 , 1.5963 , 3.3099
-3.6782029,4.129246,46529_738_A9_6,19,Centrosome,CDK5RAP2,ENSG00000136861,U-2 OS , 15 , 6.7703 , 7769.6667 , 6.7203 , 0 , 302.2591 , 5.4 , 1.6651 , 5.5088
-3.5107114,3.9684062,46529_738_A9_3,19,Centrosome,CDK5RAP2,ENSG00000136861,U-2 OS , 17 , 13.587 , 6145 , 10.084 , 6.7647 , 233.7381 , 12.1176 , 1.7718 , 10.9042
-2.8968427,4.145645,42690_487_E9_2,19,Centrosome,CLEC11A,ENSG00000105472,A-431 , 15 , 9.8621 , 7580.7333 , 10.4797 , 0.1333 , 265.9413 , 7.1333 , 2.2262 , 8.3367
-3.2198021,3.7561963,43212_467_A8_2,19,Centrosome,TUBGCP4,ENSG00000137822,U-251 MG , 12 , 5.0455 , 5754.4167 , 6.6011 , 0 , 227.6168 , 3 , 2.8031 , 20.9173
1.5373902,0.61355513,43212_467_A8_1,19,Centrosome,TUBGCP4,ENSG00000137822,U-251 MG , 12 , 3.5875 , 6149.8333 , 4.7965 , 0 , 236.2034 , 1.8333 , 2.369 , 10.7065
-3.6538546,4.1506414,43212_460_A8_2,19,Centrosome,TUBGCP4,ENSG00000137822,A-431 , 8 , 6.5516 , 8205.875 , 8.9323 , 0 , 285.6171 , 4.25 , 3.5748 , 26.4732
-3.2094731,3.743331,43212_460_A8_1,19,Centrosome,TUBGCP4,ENSG00000137822,A-431 , 11 , 5.9971 , 7604.9091 , 7.5224 , 0 , 270.1198 , 3.9091 , 2.8207 , 15.7901
-3.0518854,3.9488935,42973_789_G5_6,19,Centrosome,ATG5,ENSG00000057663,U-251 MG , 14 , 18.8414 , 5723.2857 , 12.4165 , 11.7857 , 225.1581 , 16.8571 , 1.4965 , 5.4192
-3.4574344,4.035689,42973_789_G5_4,19,Centrosome,ATG5,ENSG00000057663,U-251 MG , 19 , 10.534 , 5280.1579 , 10.4892 , 0 , 200.5738 , 8.3684 , 2.4939 , 13.0262
-3.1119404,4.1771913,42690_491_E9_2,19,Centrosome,CLEC11A,ENSG00000105472,U-2 OS , 18 , 12.286 , 7610.0556 , 12.6386 , 0.8889 , 292.7238 , 9.3889 , 3.2085 , 24.8437
-2.8843553,3.889208,42690_491_E9_1,19,Centrosome,CLEC11A,ENSG00000105472,U-2 OS , 19 , 23.3117 , 6788.3684 , 19.99 , 3.2632 , 261.6682 , 18.7368 , 2.2161 , 9.1221
-2.9509726,4.1167274,42690_487_E9_1,19,Centrosome,CLEC11A,ENSG00000105472,A-431 , 16 , 11.3075 , 8572.0625 , 11.7746 , 1.125 , 302.0209 , 8.5 , 2.4396 , 13.0128
-3.3276122,3.820902,45597_1003_F7_2,19,Centrosome,CEP170,ENSG00000143702,U-2 OS , 13 , 16.258 , 7133.7692 , 11.4114 , 11 , 272.688 , 14.0769 , 1.6968 , 5.6875
-3.70682,4.111769,42642_641_B12_4,19,Centrosome,RABL2B,ENSG00000079974,U-251 MG , 12 , 4.1232 , 6085.8333 , 7.1284 , 0 , 248.003 , 1.9167 , 4.3859 , 37.7582
-3.5956485,4.0537767,42642_641_B12_1,19,Centrosome,RABL2B,ENSG00000079974,U-251 MG , 7 , 8.2213 , 6446.4286 , 9.6464 , 0 , 262.0185 , 5.7143 , 3.6509 , 30.1923
-3.6318152,4.1931877,42642_640_B12_2,19,Centrosome,RABL2B,ENSG00000079974,A-431 , 16 , 8.8433 , 7874.8125 , 12.1548 , 0 , 277.2838 , 5.9375 , 4.119 , 31.4173
-3.1483293,4.0605392,42642_640_B12_1,19,Centrosome,RABL2B,ENSG00000079974,A-431 , 15 , 9.5234 , 7505.9333 , 11.7185 , 0 , 273.9408 , 6.6667 , 3.9291 , 30.1451
-3.5182908,4.091643,42151_1773_H5_4,19,Centrosome,CEP170,ENSG00000143702,U-2 OS , 14 , 14.5749 , 7670.6429 , 9.6241 , 8 , 296.727 , 13.1429 , 1.4448 , 6.4766
-3.7306554,4.1874022,42151_1773_H5_2,19,Centrosome,CEP170,ENSG00000143702,U-2 OS , 25 , 13.7037 , 6538.24 , 8.4039 , 10.24 , 251.5402 , 12.6 , 1.1757 , 3.9158
-2.5487685,3.6324065,42141_813_G7_3,19,Centrosome,GNAI3,ENSG00000065135,A-431 , 13 , 21.4751 , 6260.0769 , 15.4539 , 13.8462 , 225.5299 , 18.4615 , 2.3858 , 12.2659
-3.1831713,3.9052522,42141_813_G7_2,19,Centrosome,GNAI3,ENSG00000065135,A-431 , 13 , 16.8587 , 6485.7692 , 15.3757 , 5 , 235.3858 , 13.8462 , 3.0807 , 19.0666
-3.4979825,4.0640492,43440_721_A10_1,19,Centrosome,TTC39A,ENSG00000085831,MCF7 , 14 , 8.2099 , 6287.1429 , 9.4178 , 0 , 230.0117 , 6.0714 , 2.6442 , 17.1517
-3.5327837,3.9996953,43440_721_A10_2,19,Centrosome,TTC39A,ENSG00000085831,MCF7 , 24 , 8.173 , 6755.0417 , 8.2164 , 0 , 239.5384 , 6.4167 , 2.0272 , 9.6137
-3.6289303,4.0477085,43440_727_A10_2,19,Centrosome,TTC39A,ENSG00000085831,U-2 OS , 17 , 6.6039 , 6202.4118 , 6.7666 , 0.5882 , 234.4261 , 5.1176 , 2.242 , 12.5228
-3.6309767,4.043017,43440_727_A10_3,19,Centrosome,TTC39A,ENSG00000085831,U-2 OS , 17 , 7.0474 , 7556.6471 , 7.7292 , 0 , 282.5672 , 5.3529 , 2.473 , 14.5222
-3.3664393,3.6804197,45597_1003_F7_1,19,Centrosome,CEP170,ENSG00000143702,U-2 OS , 10 , 17.4006 , 7516.5 , 12.0884 , 10.1 , 301.0673 , 14.9 , 1.4895 , 4.2238
-3.5163376,4.0558033,45597_1000_F7_2,19,Centrosome,CEP170,ENSG00000143702,U-251 MG , 21 , 18.0006 , 4853.2381 , 11.5387 , 10.0476 , 184.7116 , 16.0952 , 1.2223 , 2.7268
-3.5280159,4.1341863,45597_1000_F7_1,19,Centrosome,CEP170,ENSG00000143702,U-251 MG , 18 , 12.6918 , 6174.1111 , 9.4422 , 2.6667 , 236.1965 , 11.0556 , 1.1447 , 2.1977
-3.8252716,4.1203756,44882_545_F7_2,19,Centrosome,ZNF766,ENSG00000196214,U-251 MG , 20 , 4.9798 , 5742.1 , 5.9338 , 0 , 213.9193 , 3.4 , 1.9194 , 8.5223
-3.7956002,4.082581,44882_545_F7_1,19,Centrosome,ZNF766,ENSG00000196214,U-251 MG , 20 , 8.4478 , 5582.15 , 9.8879 , 0 , 204.0407 , 6.5 , 2.3102 , 12.5426
-3.6929846,3.7642207,44882_528_F7_4,19,Centrosome,ZNF766,ENSG00000196214,U-2 OS , 22 , 5.05 , 6569.4091 , 6.2161 , 0 , 262.8699 , 3.4545 , 3.2891 , 34.6265
-3.694222,4.0590453,44882_528_F7_3,19,Centrosome,ZNF766,ENSG00000196214,U-2 OS , 20 , 2.9752 , 7300.5 , 5.0015 , 0 , 279.6881 , 0.8 , 3.4205 , 28.2608
-3.7109754,3.693726,44233_556_D8_2,19,Centrosome,MKKS,ENSG00000125863,A-431 , 15 , 3.6396 , 7345.8667 , 4.215 , 0 , 260.3285 , 2.6 , 2.302 , 15.5067
-3.6068058,3.2814791,44233_556_D8_1,19,Centrosome,MKKS,ENSG00000125863,A-431 , 20 , 12.9745 , 7640.55 , 8.856 , 10.05 , 270.1696 , 11.7 , 1.9935 , 15.2803
-3.702496,4.000131,44233_519_D8_4,19,Centrosome,MKKS,ENSG00000125863,U-251 MG , 17 , 3.4573 , 6188.5882 , 7.4832 , 0 , 243.8981 , 0.8235 , 3.7745 , 26.7833
-3.8532126,4.169392,44233_519_D8_3,19,Centrosome,MKKS,ENSG00000125863,U-251 MG , 14 , 3.8731 , 6725.9286 , 6.693 , 0 , 261.3187 , 1.0714 , 3.0639 , 18.0154
-3.5527742,3.1095347,44233_516_D8_3,19,Centrosome,MKKS,ENSG00000125863,U-2 OS , 17 , 20.2803 , 7283.9412 , 15.4287 , 11.8235 , 280.8015 , 17.5882 , 2.4771 , 15.9999
-3.687714,3.5114698,44233_516_D8_1,19,Centrosome,MKKS,ENSG00000125863,U-2 OS , 15 , 16.7768 , 7175.2667 , 17.5478 , 2.4667 , 282.5093 , 13.4 , 3.0273 , 17.9584
-2.4188051,3.65318,44037_562_H8_3,19,Centrosome,RABL6,ENSG00000196642,A-431 , 14 , 20.6904 , 8382.4286 , 15.0003 , 8.9286 , 287.0211 , 17.9286 , 1.722 , 6.2952
-2.374229,3.7752512,44037_562_H8_2,19,Centrosome,RABL6,ENSG00000196642,A-431 , 10 , 29.3795 , 7816.7 , 20.3653 , 14.5 , 274.7013 , 25.4 , 1.6853 , 5.6296
-3.707058,4.074904,43440_733_A10_4,19,Centrosome,TTC39A,ENSG00000085831,A-431 , 15 , 4.9949 , 6028.9333 , 6.8073 , 0 , 225.225 , 3.6667 , 4.3592 , 42.8468
-3.785353,4.1561837,43440_733_A10_3,19,Centrosome,TTC39A,ENSG00000085831,A-431 , 9 , 5.1007 , 7354 , 8.0693 , 0 , 257.1 , 3.4444 , 3.1664 , 22.0094
